Date,title_pos,title_pos_var,title_neg,title_neg_var,title_neu,title_neu_var,title_subjectivity,text_pos,text_poss_var,text_neg,text_neg_var,text_neu,text_neu_var,text_subjectivity,art_count
2016-10-20,0.2837407886981964,0.0,0.013010493479669,0.0,0.7032487392425537,0.0,0.0,0.0653900206089019,0.0,0.0222815461456775,0.0,0.9123284220695496,0.0,0.3924617401377964,1
2016-11-17,0.5256392955780029,0.0,0.0232664830982685,0.0,0.4510942101478576,0.0,0.0,0.1471063643693924,0.0,0.0482300408184528,0.0,0.8046635389328003,0.0,0.3489172023262932,1
2016-11-28,0.3697019815444946,0.0,0.0079965805634856,0.0,0.622301459312439,0.0,0.0,0.0901562348008155,0.0,0.0517457276582717,0.0,0.8580980896949768,0.0,0.439204167925098,1
2016-11-30,0.785688042640686,0.0,0.0133702429011464,0.0,0.200941726565361,0.0,0.0,0.2103247642517089,0.0,0.0194817427545785,0.0,0.7701935172080994,0.0,0.3893845866068088,1
2016-12-19,0.0651538595557212,0.0,0.0171579122543334,0.0,0.9176881909370422,0.0,0.0,0.1884511709213256,0.0,0.0095355222001671,0.0,0.8020133376121521,0.0,0.2431372549019607,1
2016-12-23,0.0999855548143386,0.0,0.0098697980865836,0.0,0.8901445865631104,0.0,0.0,0.238982081413269,0.0,0.5824143290519714,0.0,0.1786035597324371,0.0,0.2664880952380952,1
2016-12-27,0.1146363243460655,0.0,0.0121468491852283,0.0,0.8732168078422546,0.0,0.2,0.305645614862442,0.0,0.0265098735690116,0.0,0.6678445339202881,0.0,0.3808719268153229,1
2017-01-10,0.4453770220279693,0.0,0.0086407894268631,0.0,0.5459821820259094,0.0,0.0,0.2065062224864959,0.0,0.0203990750014781,0.0,0.7730947136878967,0.0,0.4369047619047619,1
2017-01-18,0.1905572563409805,0.0,0.0099858185276389,0.0,0.7994569540023804,0.0,0.0,0.5971524119377136,0.0,0.0114342821761965,0.0,0.3914133012294769,0.0,0.3250599747474748,1
2017-01-26,0.7897046804428101,0.021934003889555242,0.01422104006633155,1.5522981442110665e-05,0.1960743032395839,0.02311654478892901,0.22727272727272724,0.45359840244054794,0.16827067192397624,0.11735927453264591,0.011847545773003888,0.4290422946214676,0.09081885320972227,0.3648893789137691,2
2017-02-06,0.0283902511000633,0.0,0.698438286781311,0.0,0.2731713950634002,0.0,0.025,0.0176894441246986,0.0,0.6839725375175476,0.0,0.2983379960060119,0.0,0.284927536231884,1
2017-02-15,0.8995372653007507,0.0,0.0504744835197925,0.0,0.0499882698059082,0.0,0.0,0.6778000593185425,0.0,0.0601794645190238,0.0,0.2620204985141754,0.0,0.4572431633407243,1
2017-03-02,0.8090254068374634,0.0,0.0204627010971307,0.0,0.1705118864774704,0.0,0.0,0.1571514010429382,0.0,0.0310478024184703,0.0,0.8118007779121399,0.0,0.4133275261324041,1
2017-03-06,0.0416738502681255,0.0,0.0145569713786244,0.0,0.9437691569328308,0.0,0.0,0.0691405162215232,0.0,0.0163136813789606,0.0,0.9145457744598388,0.0,0.313655303030303,1
2017-03-15,0.0828010961413383,0.0,0.0148432869464159,0.0,0.9023556113243104,0.0,0.0,0.288474291563034,0.0,0.0221534948796033,0.0,0.6893722414970398,0.0,0.3055650793650793,1
2017-03-19,0.0930917933583259,0.0,0.0229631420224905,0.0,0.883945107460022,0.0,0.2,0.3532518744468689,0.0,0.0227891989052295,0.0,0.6239588856697083,0.0,0.3379464285714286,1
2017-03-21,0.069231241941452,0.0,0.0193107966333627,0.0,0.9114579558372498,0.0,0.0,0.4291323721408844,0.0,0.0122584132477641,0.0,0.5586092472076416,0.0,0.3265873015873015,1
2017-03-24,0.9330256581306458,0.0,0.0129758110269904,0.0,0.0539986081421375,0.0,0.5,0.4844653010368347,0.0,0.0162553135305643,0.0,0.4992794096469879,0.0,0.4081370426958661,1
2017-03-28,0.6070075333118438,0.11748130995246073,0.3054505782201886,0.08382538862346728,0.08754187077283855,0.0028333625751742484,0.0,0.6804140657186508,0.04585408162078887,0.02321610786020755,0.00011861671690413858,0.29636983200907707,0.05063703612243965,0.4698898358585858,2
2017-04-02,0.9129687547683716,0.0,0.0296609196811914,0.0,0.0573702827095985,0.0,0.3333333333333333,0.1115864366292953,0.0,0.8676812648773193,0.0,0.0207322854548692,0.0,0.3104768463859372,1
2017-04-09,0.0901147350668907,0.0,0.0582569055259227,0.0,0.8516284227371216,0.0,0.2272727272727272,0.1893156468868255,0.0,0.016705073416233,0.0,0.793979287147522,0.0,0.3909553090587572,1
2017-04-11,0.0766847431659698,0.0,0.0098215118050575,0.0,0.913493812084198,0.0,0.0666666666666666,0.8944332599639893,0.0,0.0243004653602838,0.0,0.0812663361430168,0.0,0.2729939703153988,1
2017-04-13,0.0120261665433645,0.0,0.9254708886146544,0.0,0.0625029727816581,0.0,0.0,0.07583948969841,0.0,0.013315106742084,0.0,0.9108453392982484,0.0,0.4435101642996379,1
2017-04-20,0.8509246706962585,0.0,0.0093284379690885,0.0,0.1397468745708465,0.0,0.0,0.3796910047531128,0.0,0.0100187622010707,0.0,0.6102902293205261,0.0,0.4452380952380952,1
2017-04-24,0.0318770743906497,0.0,0.557521641254425,0.0,0.4106013178825378,0.0,0.1,0.0563315786421299,0.0,0.1622838079929351,0.0,0.7813846468925476,0.0,0.4596999166717475,1
2017-05-07,0.8953824639320374,0.0,0.0123181147500872,0.0,0.0922994315624237,0.0,0.5,0.0796506777405738,0.0,0.0249499585479497,0.0,0.8953993320465088,0.0,0.4397046141688999,1
2017-05-12,0.037354253232479,0.0,0.5285767316818237,0.0,0.4340690076351166,0.0,0.0,0.0170815214514732,0.0,0.7760898470878601,0.0,0.2068285942077636,0.0,0.3392181069958848,1
2017-05-24,0.021240709349513,0.0,0.8661200404167175,0.0,0.1126392483711242,0.0,0.0,0.3639230728149414,0.0,0.1287205964326858,0.0,0.5073562860488892,0.0,0.3905859460404914,1
2017-05-31,0.561686635017395,0.0,0.0095812501385807,0.0,0.4287320673465729,0.0,0.0,0.1955195814371109,0.0,0.0108194295316934,0.0,0.7936609983444214,0.0,0.2680555555555555,1
2017-06-12,0.0309120081365108,0.0,0.0352436937391757,0.0,0.9338443279266356,0.0,0.5,0.009934464469552,0.0,0.9633337259292604,0.0,0.0267318245023489,0.0,0.321601461038961,1
2017-06-22,0.5221262723207474,0.01568634484383069,0.0084638888947665,3.1764769226633554e-08,0.4694098085165024,0.01564174221173631,0.0,0.10867922101169819,0.006118152994099823,0.38030677661299706,0.12853969250230082,0.5110140144824982,0.07857129297317389,0.34653760970359326,2
2017-06-27,0.8873618841171265,0.0,0.0209966581314802,0.0,0.0916415527462959,0.0,0.0,0.0560224540531635,0.0,0.0388593263924121,0.0,0.9051182866096495,0.0,0.382183244106321,1
2017-06-30,0.3956432044506073,0.0,0.028248731046915,0.0,0.5761081576347351,0.0,0.1666666666666666,0.1314878910779953,0.0,0.1758772283792495,0.0,0.6926348209381104,0.0,0.4148199859501228,1
2017-07-04,0.05708961375057695,0.0018107697111359774,0.4407858420163393,0.18437146934871781,0.5021245181560516,0.14963883391615784,0.0,0.11513617355376475,0.008363545590594944,0.24092722125351423,0.05255656548965926,0.6439365744590759,0.018988784726335695,0.3631992406906594,2
2017-07-06,0.0121164564043283,0.0,0.9054569602012634,0.0,0.082426518201828,0.0,0.0,0.0222556442022323,0.0,0.3107548356056213,0.0,0.6669895648956299,0.0,0.4094907407407408,1
2017-07-10,0.8456969261169434,0.0,0.0069682523608207,0.0,0.1473349034786224,0.0,0.0,0.6712707877159119,0.0,0.0090711219236254,0.0,0.3196581304073334,0.0,0.2982964782964783,1
2017-07-19,0.038367386907339,0.0,0.875455915927887,0.0,0.0861767083406448,0.0,0.0,0.0271692089736461,0.0,0.6415678262710571,0.0,0.3312629461288452,0.0,0.2935185185185184,1
2017-07-20,0.4509744346141815,0.01687681514618422,0.0107905059121549,1.5262652840554367e-07,0.5382350981235504,0.016978466757394457,0.0,0.4043584614992141,0.07566855297525012,0.03270371584221715,0.0004989948832864704,0.5629378110170364,0.06387799503199809,0.3841966131907308,2
2017-07-24,0.8870360851287842,0.0,0.0144153963774442,0.0,0.0985485389828682,0.0,0.4,0.8157630562782288,0.0,0.0074395588599145,0.0,0.1767974197864532,0.0,0.3148538961038961,1
2017-07-26,0.8298402428627014,0.0,0.0071389046497642,0.0,0.1630207896232605,0.0,0.0,0.2804414331912994,0.0,0.2246308177709579,0.0,0.4949277639389038,0.0,0.4583806818181818,1
2017-08-01,0.1011130437254905,0.0,0.0115896137431263,0.0,0.8872973918914795,0.0,0.0,0.7552162408828735,0.0,0.0146668637171387,0.0,0.230116918683052,0.0,0.4471666666666666,1
2017-08-10,0.4833666346967219,0.21576516327665884,0.0539222261868417,0.001832614687689708,0.4627111032605171,0.17782771732867803,0.1875,0.2316080834716558,0.03919788431005419,0.19485933892428875,0.034167944832700525,0.5735326111316681,0.00017262808802431806,0.40969957704332705,2
2017-08-11,0.0903821289539337,0.0,0.0114536145702004,0.0,0.8981642723083496,0.0,0.0,0.0184425693005323,0.0,0.7783243060112,0.0,0.2032331526279449,0.0,0.3571553030303031,1
2017-08-16,0.7337449789047241,0.039981376908727384,0.01314839534461495,1.5247746157524261e-05,0.253106590360403,0.041558178045960216,0.0,0.6978928297758101,0.05065600169322536,0.01127125974744555,3.067322262268878e-06,0.2908359095454216,0.05144744737578673,0.3512413442602122,2
2017-08-17,0.0090773086994886,0.0,0.939822793006897,0.0,0.051099918782711,0.0,0.0,0.0424869246780872,0.0,0.1105999127030372,0.0,0.8469131588935852,0.0,0.4096661054994388,1
2017-08-18,0.0154021373018622,0.0,0.8321967124938965,0.0,0.1524011492729187,0.0,0.0,0.0122237559407949,0.0,0.7950009703636169,0.0,0.1927752494812011,0.0,0.3909536541889483,1
2017-08-20,0.0407713837921619,0.0,0.05999656021595,0.0,0.8992320895195007,0.0,0.0,0.0785761326551437,0.0,0.3506511151790619,0.0,0.5707727074623108,0.0,0.3385555555555555,1
2017-08-24,0.943787693977356,0.0,0.0145557932555675,0.0,0.0416565686464309,0.0,0.0,0.2099035382270813,0.0,0.0167709197849035,0.0,0.7733255624771118,0.0,0.3682251082251082,1
2017-08-25,0.07709800700346627,0.0005395746407319297,0.0672014222169915,0.004518045014887157,0.8557005723317465,0.0061605233799618755,0.17857142857142858,0.21086268623669935,0.009085931531980574,0.19294618225346005,0.05826352495887018,0.5961911479632059,0.03955976084816686,0.36825883629455053,3
2017-08-30,0.0487188026309013,0.0,0.0124603388831019,0.0,0.938820779323578,0.0,0.0,,,,,,,0.0,1
2017-09-08,0.3635040819644928,0.0,0.0157809555530548,0.0,0.6207149624824524,0.0,0.1,0.1184747666120529,0.0,0.0136946719139814,0.0,0.8678305745124817,0.0,0.3143065268065268,1
2017-09-11,0.0433033630251884,0.0,0.9003052115440369,0.0,0.0563913993537426,0.0,0.8333333333333334,0.0171433240175247,0.0,0.9449357986450196,0.0,0.0379208847880363,0.0,0.4309027192144075,1
2017-09-12,0.0725662782788276,0.0,0.0124578010290861,0.0,0.914975881576538,0.0,0.45,0.2814301550388336,0.0,0.0240145102143287,0.0,0.694555401802063,0.0,0.2697435897435897,1
2017-09-15,0.0287043564021587,0.0,0.0214504078030586,0.0,0.949845254421234,0.0,0.3333333333333333,0.1061130836606025,0.0,0.0125626539811491,0.0,0.8813242316246033,0.0,0.3223874962247055,1
2017-09-17,0.1176467612385749,0.0,0.0069717359729111,0.0,0.8753815293312073,0.0,0.0,0.4829365313053131,0.0,0.0097831292077898,0.0,0.5072802901268005,0.0,0.4300455777285045,1
2017-09-21,0.4943820238113403,0.0,0.1676558256149292,0.0,0.3379621207714081,0.0,0.0,0.1054582372307777,0.0,0.0231814906001091,0.0,0.8713603019714355,0.0,0.34829139009139,1
2017-09-23,0.1391851007938385,0.0,0.0236071869730949,0.0,0.8372077345848083,0.0,0.4375,0.3384410738945007,0.0,0.0177279133349657,0.0,0.6438310146331787,0.0,0.462627848342134,1
2017-09-25,0.0135773038491606,0.0,0.9249897599220276,0.0,0.0614329017698764,0.0,0.5,0.0218114703893661,0.0,0.5754347443580627,0.0,0.4027537703514099,0.0,0.3991973304473304,1
2017-09-26,0.0220846533775329,0.0,0.0392007604241371,0.0,0.938714563846588,0.0,0.3,0.1855539977550506,0.0,0.0160967651754617,0.0,0.7983492016792297,0.0,0.4277246145667198,1
2017-09-27,0.1979582905769348,0.0,0.0084651345387101,0.0,0.7935765981674194,0.0,0.0,,,,,,,0.0,1
2017-09-29,0.0478275865316391,0.0,0.0452080555260181,0.0,0.9069644212722778,0.0,0.4545454545454545,0.0464901775121688,0.0,0.1582168787717819,0.0,0.7952929139137268,0.0,0.4991008991008991,1
2017-10-02,0.1716816276311874,0.0,0.0081277079880237,0.0,0.8201906085014343,0.0,0.0,0.1083084866404533,0.0,0.0113176535815,0.0,0.8803738355636597,0.0,0.4509090909090908,1
2017-10-12,0.3285020887851715,0.0,0.0204482898116111,0.0,0.6510496735572815,0.0,0.0,0.1838317513465881,0.0,0.0467206127941608,0.0,0.7694476246833801,0.0,0.4777568922305766,1
2017-10-16,0.0592209696769714,0.0,0.0153976185247302,0.0,0.925381362438202,0.0,0.0,,,,,,,0.0,1
2017-10-19,0.8746361136436462,0.0,0.0126650827005505,0.0,0.1126988157629966,0.0,0.4,0.6273486614227295,0.0,0.0080354018136858,0.0,0.3646159172058105,0.0,0.3427083333333334,1
2017-10-20,0.0481475964188575,0.0,0.0296368300914764,0.0,0.9222155213356018,0.0,0.275,0.871891975402832,0.0,0.0662896037101745,0.0,0.061818316578865,0.0,0.3454616477272727,1
2017-10-22,0.2409743666648864,0.0,0.0110317263752222,0.0,0.7479938864707947,0.0,0.0,0.0712581202387809,0.0,0.6676514744758606,0.0,0.2610903978347778,0.0,0.3763111888111888,1
2017-11-08,0.9349366426467896,0.0,0.0147127769887447,0.0,0.0503504797816276,0.0,0.0,0.7090825438499451,0.0,0.0182704292237758,0.0,0.2726470530033111,0.0,0.3171585152436215,1
2017-11-09,0.8145598769187927,0.0,0.0852768570184707,0.0,0.1001633405685424,0.0,0.4,0.798004686832428,0.0,0.011480706743896,0.0,0.1905145943164825,0.0,0.4493841007477372,1
2017-11-15,0.5102629289031029,0.1332405246637705,0.03203120548278085,0.0002640640242978574,0.45770589634776115,0.145367775014971,0.04166666666666665,0.880234569311142,0.003747555155372062,0.0186794456094503,1.1315195880617355e-07,0.1010859459638595,0.0037064802865396373,0.3443620391705069,2
2017-11-16,0.2917651832103729,0.0,0.2439154386520385,0.0,0.4643194079399109,0.0,0.4545454545454545,0.5624539256095886,0.0,0.033014889806509,0.0,0.404531180858612,0.0,0.3503804276531548,1
2017-11-17,0.5385626405477523,0.14669349826899508,0.01929600397124885,0.00010367980465108412,0.4421412777155638,0.15459700379738392,0.2625,0.09535732865333556,0.0034966809282634946,0.3729706285521388,0.1330255472690837,0.5316720679402351,0.09338763195100083,0.38868112947658395,2
2017-11-21,0.9463868141174316,0.0,0.0126558197662234,0.0,0.0409573130309581,0.0,0.25,0.907669186592102,0.0,0.0138042494654655,0.0,0.0785264745354652,0.0,0.3702385557704706,1
2017-11-23,0.0505435802042484,0.0,0.0121023561805486,0.0,0.9373540282249452,0.0,0.2,0.3002093136310577,0.0,0.0093639316037297,0.0,0.690426766872406,0.0,0.2908881330309901,1
2017-11-24,0.0191330350935459,0.0,0.9219626188278198,0.0,0.0589043051004409,0.0,0.0,0.024655420333147,0.0,0.7160546183586121,0.0,0.2592899799346924,0.0,0.3984389719295378,1
2017-11-30,0.0252379011362791,0.0,0.6725386381149292,0.0,0.3022234737873077,0.0,0.0,0.0948157086968422,0.0,0.0147802932187914,0.0,0.8904039859771729,0.0,0.3194128787878788,1
2017-12-05,0.40716244792565703,0.15454945062987266,0.4395749401301145,0.18545830390162252,0.1532625928521156,0.0014078218782148121,0.1,0.3870888091623783,0.09227300934910489,0.01677171047776935,5.039589080246238e-09,0.5961394608020782,0.09222988866270133,0.47546942205003784,2
2017-12-14,0.1113520562648773,0.0,0.2857860028743744,0.0,0.6028619408607483,0.0,0.0,0.3559176623821258,0.0,0.0187851078808307,0.0,0.6252972483634949,0.0,0.278340724316334,1
2017-12-18,0.225410982966423,0.0,0.0083415629342198,0.0,0.7662474513053894,0.0,0.0,0.8637481331825256,0.0,0.0087252855300903,0.0,0.1275265514850616,0.0,0.4254120879120879,1
2017-12-23,0.0626171231269836,0.0,0.0528349019587039,0.0,0.8845479488372803,0.0,0.0,,,,,,,0.0,1
2018-01-03,0.0520015619695186,0.0,0.407903641462326,0.0,0.5400947332382202,0.0,0.0,0.0090194484218955,0.0,0.9628193378448486,0.0,0.0281611923128366,0.0,0.2647906602254428,1
2018-01-05,0.0125882299616932,0.0,0.9209381937980652,0.0,0.0664735287427902,0.0,0.0,0.2310468107461929,0.0,0.4929022192955017,0.0,0.2760510444641113,0.0,0.385911500979994,1
2018-01-07,0.1433556377887725,0.0,0.0093503259122371,0.0,0.8472940921783447,0.0,0.4545454545454545,0.2791347801685333,0.0,0.0083858286961913,0.0,0.7124794125556946,0.0,0.2870265151515151,1
2018-01-12,0.0836071446537971,0.0,0.0102069694548845,0.0,0.9061858654022216,0.0,0.0,,,,,,,0.0,1
2018-01-15,0.49959513172507286,0.15984240421015206,0.01032727910205715,1.9607482598680676e-07,0.4900775998830795,0.15948856519251844,0.25,0.39818432927131653,0.003250924527407939,0.019640456419438103,4.5213409356570026e-05,0.5821752548217773,0.0025293647195532287,0.33840975957680763,2
2018-01-17,0.2375426888465881,0.0,0.0187667608261108,0.0,0.743690550327301,0.0,0.25,0.0536011792719364,0.0,0.0196856651455163,0.0,0.926713228225708,0.0,0.3314814814814814,1
2018-01-18,0.4154655486345291,0.08809972390595201,0.01767934067174785,2.1203566769332225e-05,0.5668551027774811,0.08538742302580805,0.0,0.1031287349760532,0.0045327569131331695,0.02515960484743115,8.590944116161618e-05,0.8717116415500641,0.0033706129698538524,0.38479666167166166,2
2018-01-23,0.759475827217102,0.0,0.0147262495011091,0.0,0.2257978916168213,0.0,0.0,0.8784834742546082,0.0,0.0646317973732948,0.0,0.0568846873939037,0.0,0.3967352092352093,1
2018-01-24,0.32531046122312546,0.03571309899358528,0.3217676505446434,0.01720541569650408,0.35292184725403786,0.10249507735338484,0.0,0.6083418428897858,0.008683184588002213,0.174795351922512,0.0001497982689536156,0.21686279401183126,0.011113966452884327,0.427755035130606,2
2018-01-29,0.0964934974908828,0.0,0.0103461481630802,0.0,0.8931604027748108,0.0,0.0,,,,,,,0.0,1
2018-02-01,0.1734552532434463,0.0,0.0203043147921562,0.0,0.8062404990196228,0.0,0.0,0.9164196848869324,0.0,0.0123993046581745,0.0,0.0711810514330864,0.0,0.3583947241841977,1
2018-02-05,0.1390205472707748,0.0,0.0078334584832191,0.0,0.853145956993103,0.0,0.0,0.5254143476486206,0.0,0.0834800824522972,0.0,0.391105592250824,0.0,0.4141593101887219,1
2018-02-08,0.4174431562423706,0.0,0.0699294731020927,0.0,0.512627363204956,0.0,0.0,0.0714529976248741,0.0,0.3293501138687134,0.0,0.5991969108581543,0.0,0.3481138306138305,1
2018-02-12,0.4525187611579895,0.0,0.4493557810783386,0.0,0.0981254428625106,0.0,0.25,0.8149893283843994,0.0,0.1226952746510505,0.0,0.0623153671622276,0.0,0.340444214876033,1
2018-02-13,0.6028941869735718,0.0,0.3665904104709625,0.0,0.0305153783410787,0.0,0.0,0.7769462466239929,0.0,0.1629727780818939,0.0,0.0600809343159198,0.0,0.3648692810457516,1
2018-02-16,0.2819549739360809,0.0,0.0114021096378564,0.0,0.7066429257392883,0.0,0.5,0.2736053168773651,0.0,0.015578887425363,0.0,0.7108157277107239,0.0,0.3991332371332372,1
2018-02-18,0.0925377458333969,0.0,0.0150226857513189,0.0,0.8924395442008972,0.0,0.3,0.0565641857683658,0.0,0.8526415228843689,0.0,0.0907942727208137,0.0,0.39264908008658,1
2018-02-19,0.5155332088470459,0.011817823260798839,0.0196154923178255,6.91207063339765e-05,0.4648512601852417,0.013694533917746561,0.25,0.1830671280622482,0.001747129735073294,0.017217549029737652,9.29810869397907e-06,0.7997153401374817,0.002011339986211169,0.4077665871543422,2
2018-02-27,0.8429000377655029,0.0,0.0315043851733207,0.0,0.1255955398082733,0.0,0.0,0.8876773715019226,0.0,0.016681158915162,0.0,0.0956414490938186,0.0,0.2137936507936508,1
2018-02-28,0.27518547357370454,0.10471747020144469,0.325000723823905,0.1914411278515641,0.39981381470958394,0.13465482730479553,0.3333333333333333,0.5130758667364717,0.1467279388792479,0.33417602721601725,0.20219040327921942,0.15274807624518869,0.032165892292372836,0.31314821733422576,3
2018-03-01,0.45030950754880905,0.0595460186180264,0.08782225009053946,0.004938104709102735,0.46186823397874827,0.09877957755743347,0.0,0.3297101650387048,0.09782095277060132,0.49333676975220436,0.22545996171199487,0.17695305822417137,0.026264345717944827,0.3045834084896585,2
2018-03-04,0.0145752001553773,0.0,0.9660589694976808,0.0,0.0193658955395221,0.0,0.0,0.1282027810811996,0.0,0.8215839862823486,0.0,0.0502132959663867,0.0,0.1995049130763416,1
2018-03-07,0.0255831461399793,0.0,0.8403043746948242,0.0,0.134112536907196,0.0,1.0,0.2412841767072677,0.0,0.2152959406375885,0.0,0.5434198379516602,0.0,0.4411636904761904,1
2018-03-12,0.3034915030002594,0.0,0.5205695033073425,0.0,0.1759390383958816,0.0,0.0,0.2698434591293335,0.0,0.7022619843482971,0.0,0.0278945732861757,0.0,0.3640960890960891,1
2018-03-14,0.0530912354588508,0.0,0.0181157067418098,0.0,0.9287930727005004,0.0,0.0,0.2408155053853988,0.0,0.0122513677924871,0.0,0.7469332218170166,0.0,0.2702380952380953,1
2018-03-15,0.0316682551056146,3.581056243942888e-05,0.02195927593857045,9.170356281424529e-06,0.9463725090026855,8.73777725374258e-06,0.0,0.09062919020652771,0.0002892471976561619,0.013176341075450099,3.023191334864713e-10,0.8961944282054901,0.0002898392548269513,0.34283459595959587,2
2018-03-17,0.0626171231269836,0.0,0.0528349019587039,0.0,0.8845479488372803,0.0,0.0,,,,,,,0.0,1
2018-03-18,0.579567015171051,0.0,0.0089252833276987,0.0,0.4115077257156372,0.0,0.0,0.1791275441646576,0.0,0.0185919255018234,0.0,0.8022804856300354,0.0,0.2199494949494949,1
2018-03-19,0.0213132333010435,0.0,0.9413970112800598,0.0,0.0372897759079933,0.0,0.0,0.0121941706165671,0.0,0.9658903479576112,0.0,0.0219155307859182,0.0,0.3041222570532915,1
2018-03-20,0.4399914741516113,0.0,0.2496480345726013,0.0,0.3103605508804321,0.0,0.0,0.1456740945577621,0.0,0.8303791284561157,0.0,0.0239467769861221,0.0,0.3480452674897119,1
2018-03-21,0.5289695064226786,0.03836461538626739,0.2490329692761103,0.007948369463818244,0.22199751933415726,0.011473812805219835,0.16111111111111112,0.07604338414967055,0.0016795468099645224,0.9052760303020477,0.002011807814143113,0.0186806628480553,1.498367771440959e-05,0.24137701966649336,3
2018-03-22,0.27633796477069456,0.11751484239428865,0.6316012796014547,0.18802893588109496,0.0920607975373665,0.0083096811871502,0.0,0.0191658698022365,6.004034784100603e-05,0.9552105267842611,6.92393504316955e-05,0.02562362110863123,0.0001052622341289517,0.38720061698556313,3
2018-03-23,0.09998650033958253,0.009117762127956598,0.7167422901839018,0.12210018060005598,0.1832711950410157,0.07158718856328268,0.05,0.21849565487354988,0.12346776521629324,0.7283681966364384,0.1500652106071468,0.05313614197075363,0.0014226488405314666,0.3893503942147034,4
2018-03-24,0.0626171231269836,0.0,0.0528349019587039,0.0,0.8845479488372803,0.0,0.0,,,,,,,0.0,1
2018-03-25,0.015878127887845,0.0,0.9512101411819458,0.0,0.0329117514193058,0.0,0.0,0.0783584415912628,0.0,0.9033412337303162,0.0,0.0183003898710012,0.0,0.3048534798534799,1
2018-03-26,0.0905463900417089,0.0015089465312554166,0.0258501316420733,0.00014334223950952828,0.8836034834384918,0.0007221401075421271,0.1,0.10854696109890935,0.0011026511150114145,0.12607753090560436,0.012810265236564982,0.765375554561615,0.02142963683139952,0.41601592851592845,2
2018-03-27,0.42178550688549876,0.16783485002076956,0.4860539259389043,0.2286606242488446,0.0921605685725808,0.004693372366384593,0.0,0.0136216348037123,0.0,0.964809238910675,0.0,0.021569212898612,0.0,0.17748337971552255,2
2018-03-28,0.17301488108932964,0.03975457256315627,0.4881843663752079,0.15101929031616304,0.3388007345298926,0.17878910083376828,0.19999999999999998,0.014007353534301067,3.278971770132039e-05,0.9650019009908041,3.849247624603629e-05,0.020990746095776502,5.575221978320664e-06,0.3210898721382592,3
2018-04-03,0.0142979267984628,0.0,0.957411527633667,0.0,0.0282905995845794,0.0,0.1999999999999999,0.0205454882234334,0.0,0.960669994354248,0.0,0.0187844727188348,0.0,0.1952380952380952,1
2018-04-06,0.0654191225767135,0.0,0.1311112344264984,0.0,0.8034696578979492,0.0,0.0,0.106262519955635,0.0,0.0248353574424982,0.0,0.8689021468162537,0.0,0.431474149157076,1
2018-04-12,0.1101620867848396,0.002479495452816283,0.01435325294733045,2.904028411663377e-06,0.8754846751689911,0.0023126892761817733,0.2,0.06922697834670535,0.0006338443801907377,0.02522721095010635,0.00014001234009406965,0.9055457711219788,0.000178050930173869,0.375533678986824,2
2018-04-13,0.6136764287948608,0.0,0.0137520255520939,0.0,0.3725715577602386,0.0,0.0,0.1155802756547927,0.0,0.0136474464088678,0.0,0.8707722425460815,0.0,0.3936096256684491,1
2018-04-17,0.0864652395248413,0.0,0.4043325781822204,0.0,0.509202241897583,0.0,0.0,0.0201608259230852,0.0,0.9489968419075012,0.0,0.0308423396199941,0.0,0.3680493827160494,1
2018-04-18,0.1070693507790565,0.0,0.2357493937015533,0.0,0.6571812033653259,0.0,0.1166666666666666,0.1579655110836029,0.0,0.2057993859052658,0.0,0.6362350583076477,0.0,0.344570330167345,1
2018-04-20,0.0764387249946594,0.0,0.0114351799711585,0.0,0.9121260643005372,0.0,0.0,0.0162898041307926,0.0,0.7916275262832642,0.0,0.1920826286077499,0.0,0.1654320987654321,1
2018-04-24,0.653278112411499,0.0,0.2848937213420868,0.0,0.0618280954658985,0.0,0.15625,0.0193661209195852,0.0,0.963286817073822,0.0,0.0173471346497535,0.0,0.3376289682539682,1
2018-04-25,0.10006475821137426,0.0009900259178467056,0.464917548932135,0.20113089026433725,0.4350177375599742,0.1738986131615186,0.0625,0.07113506644964215,0.0035469153533119234,0.5094612520188093,0.207981177061089,0.4194036452099681,0.15720715987225647,0.2831682287507529,2
2018-04-26,0.18345365673303604,0.0013257779065183883,0.4287971369922161,0.14814623770780969,0.38774918764829636,0.12144283409422227,0.12916666666666665,0.0157379736192524,1.709726270369849e-05,0.9637204110622406,2.0803533198335704e-06,0.020541557110846,7.249812722550771e-06,0.36728683353683356,2
2018-04-27,0.922275960445404,0.0,0.0375361330807209,0.0,0.040187869220972,0.0,0.0,0.9100327491760254,0.0,0.0669624879956245,0.0,0.0230047535151243,0.0,0.428890759446315,1
2018-05-04,0.9462756514549256,0.0,0.0282668229192495,0.0,0.0254574734717607,0.0,0.0,0.028574226424098,0.0,0.9596068859100342,0.0,0.011818865314126,0.0,0.329954304954305,1
2018-05-07,0.0376005917787551,0.0,0.0284140482544899,0.0,0.9339853525161744,0.0,0.4545454545454545,0.6388064026832581,0.0,0.0134063949808478,0.0,0.3477871417999267,0.0,0.29504329004329,1
2018-05-09,0.3577537164092064,0.08482341918057529,0.08236015681177375,0.004495375006080452,0.55988609790802,0.05026433501743455,0.2,0.40478014945983887,0.08613969953898959,0.22588602127507326,0.04537242593931615,0.36933380365371704,0.0064782551879858374,0.38311898135877726,2
2018-05-10,0.0854412466287612,0.0,0.0116369780153036,0.0,0.902921736240387,0.0,0.25,0.7124060988426208,0.0,0.015445303171873,0.0,0.2721486389636993,0.0,0.2493055555555555,1
2018-05-12,0.0917607992887497,0.0,0.0099268676713109,0.0,0.8983123898506165,0.0,0.3,0.0242598168551921,0.0,0.0823845490813255,0.0,0.893355667591095,0.0,0.3324337121212121,1
2018-05-16,0.1462623430415988,0.015763230690844864,0.4944693576544522,0.2057426106914348,0.3592683440074324,0.10760818677606812,0.0,0.5260664224624634,0.0,0.4454674124717712,0.0,0.0284660812467336,0.0,0.18244444444444444,2
2018-05-17,0.5861317068338394,0.10096753849766696,0.038489088881760745,0.0007160292295798131,0.3753791945055127,0.11868892609465566,0.2333333333333333,0.3134563714265823,0.04815599252604865,0.2199489553458988,0.04267161696976502,0.4665946383029222,0.1814895061716371,0.37511133895344406,2
2018-05-23,0.1657211631536483,0.0,0.0104471044614911,0.0,0.8238317370414734,0.0,0.3694444444444444,0.1121703162789344,0.0,0.0162183716893196,0.0,0.8716113567352295,0.0,0.3779761904761905,1
2018-05-29,0.0378997214138507,0.0,0.5515720844268799,0.0,0.4105281233787536,0.0,0.0,0.0425915420055389,0.0,0.1722973585128784,0.0,0.785111129283905,0.0,0.3198552043194899,1
2018-06-04,0.7465620040893555,0.0,0.0070242783986032,0.0,0.2464136779308319,0.0,0.4545454545454545,0.035282589495182,0.0,0.8413230180740356,0.0,0.1233944296836853,0.0,0.4216111025726409,1
2018-06-12,0.240109696984291,0.0,0.4775312840938568,0.0,0.2823590338230133,0.0,0.3333333333333333,0.3670493364334106,0.0,0.5183998942375183,0.0,0.1145507171750068,0.0,0.3404700479700479,1
2018-06-23,0.0992031916975975,0.0,0.0169635396450757,0.0,0.8838332295417786,0.0,0.0,0.31833216547966,0.0,0.0134238488972187,0.0,0.668243944644928,0.0,0.3212981162981164,1
2018-06-25,0.0745501592755317,0.0,0.0155354980379343,0.0,0.9099143743515016,0.0,0.0,0.1170947477221489,0.0,0.0277584735304117,0.0,0.8551468253135681,0.0,0.3296179883945841,1
2018-06-26,0.3400750709697604,0.10993196803450327,0.4890536949969828,0.23148662689951297,0.1708712019026279,0.022371403148141022,0.225,0.0114269591867923,0.0,0.9638757705688475,0.0,0.0246972404420375,0.0,0.10704732510288065,2
2018-07-03,0.1183048859238624,0.0,0.008223189972341,0.0,0.8734719753265381,0.0,0.0,0.1562967896461486,0.0,0.0106674088165164,0.0,0.8330358266830444,0.0,0.2555871212121212,1
2018-07-06,0.0104802148416638,0.0,0.9635382294654846,0.0,0.0259815994650125,0.0,0.0,0.1116146221756935,0.0,0.023477679118514,0.0,0.8649076819419861,0.0,0.295995842781557,1
2018-07-09,0.04370338423177595,0.0008995517793448708,0.6250750720500946,0.10206672897506852,0.3312215749174356,0.0838023147683527,0.0,0.0961628425866365,0.0036532532278343906,0.5198490917682648,0.15793272259497915,0.3839880581945181,0.11354564488264499,0.4401206774376417,2
2018-07-13,0.0305358935147523,0.0,0.0805072784423828,0.0,0.8889567852020264,0.0,0.25,0.0298806596547365,0.0,0.8641482591629028,0.0,0.1059709712862968,0.0,0.3,1
2018-07-17,0.0222047194838523,0.0,0.909071683883667,0.0,0.0687235295772552,0.0,0.0,0.0160525385290384,0.0,0.9640759229660034,0.0,0.0198715738952159,0.0,0.2726332199546485,1
2018-07-25,0.2258183658123016,0.0,0.0197627712041139,0.0,0.7544188499450684,0.0,0.5,0.833110511302948,0.0,0.0111157856881618,0.0,0.155773714184761,0.0,0.3285670995670996,1
2018-07-26,0.087427943944931,0.0,0.070577286183834,0.0,0.8419947624206543,0.0,0.0,0.5745276212692261,0.0,0.0126905422657728,0.0,0.4127818644046783,0.0,0.430607315389924,1
2018-08-01,0.0193418487906456,0.0,0.5608745217323303,0.0,0.4197836518287658,0.0,0.0,0.0311115495860576,0.0,0.1466766744852066,0.0,0.822211742401123,0.0,0.2920897284533648,1
2018-08-02,0.8620619773864746,0.0,0.0170413795858621,0.0,0.1208966374397277,0.0,0.8500000000000001,0.2064013928174972,0.0,0.0275471489876508,0.0,0.7660514116287231,0.0,0.3283796296296296,1
2018-08-03,0.0501764938235282,0.0,0.0146466409787535,0.0,0.9351769089698792,0.0,0.0,0.1016228646039962,0.0,0.4712749719619751,0.0,0.427102118730545,0.0,0.3843247287691732,1
2018-08-06,0.318239426240325,0.07724848967682899,0.5862524807453156,0.12489279713359114,0.0955080799758434,0.005695062547500644,0.0625,0.2452201806008815,0.04501666897628633,0.7241050750017166,0.05154458039951515,0.030674694105982753,0.00022090924710838398,0.4163034188034188,2
2018-08-07,0.767881453037262,0.0,0.0082909241318702,0.0,0.2238276004791259,0.0,0.0,0.0368067063391208,0.0,0.0543084181845188,0.0,0.9088849425315856,0.0,0.3723304473304474,1
2018-08-08,0.20354129653424025,0.033650336380371994,0.03784176008775825,0.000891016609394375,0.7586169242858887,0.023590005180412987,0.24375,0.0371080827899277,0.0007538165928327851,0.47729325573891396,0.2017291574889257,0.485598661005497,0.1778199004126396,0.4434865949746901,2
2018-08-09,0.8334372043609619,0.0,0.0091497367247939,0.0,0.1574130058288574,0.0,0.0,0.2261516004800796,0.0,0.0120297437533736,0.0,0.7618187069892883,0.0,0.3671296296296297,1
2018-08-10,0.8533852696418762,0.0,0.0073136053979396,0.0,0.1393012255430221,0.0,0.0,0.1933065056800842,0.0,0.0111572248861193,0.0,0.7955362796783447,0.0,0.2519537480063796,1
2018-08-14,0.0185748431831598,0.0,0.9321438074111938,0.0,0.0492814071476459,0.0,0.0,0.0268052630126476,0.0,0.9498160481452942,0.0,0.0233788006007671,0.0,0.3309495464852608,1
2018-08-15,0.008228546629349366,1.4682918061687636e-06,0.9641502300898234,1.0616685662354505e-05,0.027621242528160367,8.085292108287699e-06,0.09629629629629631,0.008486356741438267,1.4172288819566475e-06,0.9661992788314819,5.837802653019328e-05,0.025314372653762466,7.099192684915557e-05,0.4066141637734176,3
2018-08-16,0.5313897971063852,0.13069692215739567,0.09117748960852619,0.0025192128044793176,0.3774326766530672,0.1632702746820348,0.20833333333333334,0.020359315288563534,3.3015408532223975e-05,0.9173641006151835,0.003957296964560753,0.06227656764288741,0.003320108288985025,0.3747557056978108,3
2018-08-17,0.0529390610754489,0.0,0.4567854702472687,0.0,0.4902753829956054,0.0,0.0,0.0120102763175964,0.0,0.9645518660545348,0.0,0.0234379451721906,0.0,0.3258321995464852,1
2018-08-18,0.0745709463953971,0.0,0.7993789315223694,0.0,0.126050129532814,0.0,0.0,0.0163873601704835,0.0,0.9596917629241944,0.0,0.0239209197461605,0.0,0.4122639437856828,1
2018-08-20,0.0231424644589424,0.0,0.737504243850708,0.0,0.2393532842397689,0.0,0.5,0.0128722051158547,0.0,0.9056585431098938,0.0,0.0814692229032516,0.0,0.3491304672339155,1
2018-08-23,0.7892025709152222,0.0,0.1567852348089218,0.0,0.0540121160447597,0.0,0.3,0.0252267941832542,0.0,0.0938870385289192,0.0,0.8808861374855042,0.0,0.3420271395271396,1
2018-08-24,0.3277700195709864,0.17843761396600677,0.34356778115034103,0.1926466760835418,0.32866220114131767,0.18516627554295564,0.0,0.0919139211376508,0.0012720019399346104,0.5288709678376714,0.14722159932376494,0.37921512064834434,0.1223289619314969,0.4262117340001505,3
2018-08-29,0.2939341813325882,0.10228931453485239,0.6002092137932777,0.1410457905123808,0.105856642127037,0.003128342003587728,0.020833333333333332,0.294115647363166,0.13533859370492815,0.6460975607236227,0.1839480403492889,0.0597868400315443,0.0037377636202515813,0.3964239395720877,3
2018-08-30,0.1862812947947531,0.08594340508938977,0.7736490406095982,0.0989856355687087,0.040069689042866174,0.0005626316625344366,0.31875,0.06584361684508615,0.008165971000081313,0.7084110239520669,0.16167733120294842,0.22574537759646765,0.09721262367274122,0.4044580185753001,4
2018-08-31,0.013048325665295051,1.7041850712212272e-05,0.9520016014575958,0.00019684116679830212,0.03495010361075395,9.804828450393821e-05,0.05,0.0102477255277335,7.747224868449291e-06,0.952104926109314,0.0004344964629723313,0.03764733206480735,0.00032620422613981247,0.3669867526067122,2
2018-09-03,0.022107969969511,0.0,0.8333039879798889,0.0,0.1445880085229873,0.0,0.4166666666666667,0.0275539923459291,0.0,0.2884716689586639,0.0,0.6839742660522461,0.0,0.3308744737849216,1
2018-09-06,0.7793542146682739,0.0,0.0110897356644272,0.0,0.2095559984445572,0.0,0.3181818181818182,0.0696551650762558,0.0,0.0196302160620689,0.0,0.910714626312256,0.0,0.4027742704826036,1
2018-09-08,0.04493019822984925,0.00048073313047913965,0.038995309267193044,0.0007723112349265519,0.9160744845867157,3.4396217146515085e-05,0.22727272727272724,0.039343738928437205,4.039953740573518e-06,0.06371926330029959,3.274737304978917e-05,0.8969370126724243,1.3783357989183287e-05,0.29477341079972663,2
2018-09-10,0.0679568201303482,0.0,0.0347630344331264,0.0,0.8972800970077515,0.0,0.0,0.0557391978800296,0.0,0.3654143214225769,0.0,0.5788465142250061,0.0,0.4350464210841568,1
2018-09-12,0.30292581766843796,0.029651906602370444,0.0152260749600827,1.5072272212162217e-05,0.6818481385707855,0.031004025905724042,0.0,0.3070994913578033,0.0021515064929644723,0.0434892899356782,0.0011233247235978181,0.6494112312793732,0.006384076117677218,0.31302749719416384,2
2018-09-13,0.7915188074111938,0.0,0.1454943418502807,0.0,0.0629868730902671,0.0,0.5,0.8650774955749512,0.0,0.0837302803993225,0.0,0.0511922016739845,0.0,0.384047619047619,1
2018-09-17,0.12274075485765928,0.015508269914134854,0.2571260845288634,0.10587396568909328,0.6201331516106924,0.07563905095326971,0.16666666666666666,0.37234385559956235,0.07414356280114719,0.09545692925651862,0.003913265551892012,0.5321992238362631,0.04711248416708969,0.3987848568500742,3
2018-09-18,0.6590979099273682,0.0005483277868876257,0.01843666844069955,3.5780376919681586e-06,0.3224654644727707,0.000640496274339819,0.825,0.21404599398374555,0.0005806217495201702,0.012751238420605649,4.581878303538438e-06,0.7732028067111969,0.000688360414025091,0.3123203964781504,2
2018-09-19,0.4410509765148163,0.0,0.1591004133224487,0.0,0.3998486399650574,0.0,0.0,0.8880203366279602,0.0,0.0096448771655559,0.0,0.1023346483707428,0.0,0.4037876640555211,1
2018-09-20,0.26262265350669617,0.149535884157863,0.44259317498654127,0.1797303088977369,0.29478417150676245,0.13139382886607032,0.16363636363636364,0.22848991025239224,0.10378608949957373,0.6220198515802622,0.10395567726524037,0.1494902628473937,0.0074942142376347295,0.366194622314414,4
2018-09-21,0.91154682636261,0.0,0.0101694511249661,0.0,0.078283779323101,0.0,0.0,0.8927678465843201,0.0,0.0114779751747846,0.0,0.0957541763782501,0.0,0.3608786525974026,1
2018-09-27,0.4163183346390724,0.041828897503025056,0.03793865023180835,0.0008182590055987487,0.545743003487587,0.05434791231571291,0.0333333333333333,0.26898968964815134,0.026578408737086216,0.2646725047379732,0.05341981732011032,0.46633777394890785,0.15535909742285559,0.35995341614906834,2
2018-10-02,0.4178314705689748,0.10026726935669238,0.2671683927377065,0.051597546059934475,0.31500013296802837,0.10773044278315295,0.31666666666666665,0.3337797013421853,0.1913757406756976,0.6404345134894053,0.19321623199114554,0.025785832976301434,1.0187611837735846e-05,0.3355645743145743,3
2018-10-03,0.9246795773506165,0.0,0.0340651459991931,0.0,0.0412552393972873,0.0,0.0,0.3826277554035187,0.0,0.0119421370327472,0.0,0.6054301261901855,0.0,0.3245454545454545,1
2018-10-05,0.44903131201863283,0.14853553256996835,0.0108081917278468,2.3494445262722536e-06,0.5401604846119881,0.14735635852860984,0.4,0.47212351113557816,0.10448392709677731,0.011700363829731851,4.600540723571387e-06,0.5161761045455933,0.10587514888379701,0.32266988062442603,2
2018-10-08,0.11507364859183622,0.0009061850025130968,0.008648904040455768,1.0079791120132855e-06,0.8762774268786112,0.0008470813000521924,0.09999999999999999,0.7039332985877991,0.0,0.0081807849928736,0.0,0.2878859341144562,0.0,0.120679012345679,3
2018-10-12,0.2393237611589332,0.10654864598012354,0.7132462461789449,0.10723617032728172,0.0474300303806861,0.00033214926122833937,0.22916666666666666,0.014095420638720166,2.006908845067865e-05,0.9601861238479614,2.325310890682936e-05,0.025718456755081765,7.018428234071385e-06,0.28619452964330305,3
2018-10-15,0.4806962311267853,0.0,0.0162598025053739,0.0,0.5030439496040344,0.0,0.0,0.9307935833930968,0.0,0.0146947801113128,0.0,0.0545115582644939,0.0,0.1941666666666666,1
2018-10-24,0.8476032614707947,0.0,0.0071098436601459,0.0,0.1452869027853012,0.0,0.0,0.786446750164032,0.0,0.0074671823531389,0.0,0.2060861438512802,0.0,0.3165674603174603,1
2018-10-29,0.5196263790130615,0.1884248295175582,0.01337205572053785,4.173004070816431e-06,0.4670015284791589,0.1902024762460168,0.0,0.0560369752347469,0.0,0.0337315797805786,0.0,0.9102315306663512,0.0,0.20555875576036864,2
2018-11-02,0.0123354727402329,0.0,0.947961688041687,0.0,0.0397027917206287,0.0,0.2,0.0196484550833702,0.0,0.9639853239059448,0.0,0.0163662191480398,0.0,0.2823055112528797,1
2018-11-04,0.0461176373064518,0.0,0.2428712248802185,0.0,0.7110111713409424,0.0,0.0,0.1369582861661911,0.0,0.0210687201470136,0.0,0.8419730067253113,0.0,0.4761967779056387,1
2018-11-05,0.0830026119947433,0.0,0.8100095391273499,0.0,0.1069879084825515,0.0,0.1,0.2022920548915863,0.0,0.2379885911941528,0.0,0.5597193837165833,0.0,0.340432098765432,1
2018-11-06,0.5297973528504372,0.12218418252181848,0.0093838241882622,5.543672186513671e-07,0.46081882715225214,0.12270525582369278,0.0,0.3599773850291967,0.09836913843738948,0.01745919371023765,5.951270842358685e-05,0.6225634217262268,0.0935895657080188,0.3632764425867874,2
2018-11-07,0.017860116437077498,8.647612579141045e-05,0.503119645640254,0.20058317501011175,0.4790202435106039,0.19234000011105626,0.025,0.00846827006898815,1.2378043557025758e-06,0.9598982334136963,0.00012216674238985092,0.03163348883390425,0.00014799852554819832,0.3639981834151794,2
2018-11-08,0.0537739023566246,0.0,0.0129429409280419,0.0,0.9332832098007202,0.0,0.0,0.0153156304731965,0.0,0.9308710694313048,0.0,0.0538133196532726,0.0,0.3453504432075861,1
2018-11-13,0.0102150756865739,0.0,0.9107659459114076,0.0,0.079019010066986,0.0,0.0666666666666666,0.0227151811122894,0.0,0.5691648125648499,0.0,0.4081199765205383,0.0,0.4072938026885395,1
2018-11-14,0.292032927274704,0.0,0.5026323795318604,0.0,0.2053347080945968,0.0,0.0,0.3067308366298675,0.0,0.6540793776512146,0.0,0.0391897819936275,0.0,0.4180052403736613,1
2018-11-15,0.943244457244873,0.0,0.0294992793351411,0.0,0.0272561535239219,0.0,0.4166666666666667,0.0101707577705383,0.0,0.9728931784629822,0.0,0.0169360730797052,0.0,0.4159050825717492,1
2018-11-20,0.052570391446352,0.0,0.0282948091626167,0.0,0.919134795665741,0.0,0.0,0.1219239681959152,0.0,0.4147536158561706,0.0,0.4633224010467529,0.0,0.4374955757031228,1
2018-11-21,0.27165369223803276,0.1348137151140513,0.6396105084568262,0.19769070109016915,0.08873581327497958,0.006045631536276227,0.1725925925925926,0.16118647561719013,0.0439073196873647,0.7466685871283213,0.09078012200883517,0.0921449456363916,0.008429289379383857,0.3691121798045818,3
2018-11-22,0.0097776791080832,0.0,0.9646151661872864,0.0,0.0256071258336305,0.0,0.0,0.0111834714189171,0.0,0.9714775681495668,0.0,0.0173389669507741,0.0,0.4396664008506114,1
2018-11-26,0.7508403857549032,0.07121751992320528,0.20139212595919764,0.05623755673219646,0.04776750815411407,0.000884120091820064,0.29166666666666663,0.067607467683653,0.004661721628018953,0.9114527901013693,0.005668975097720693,0.02093976611892377,4.975790823463412e-05,0.3915966298417455,3
2018-11-27,0.44711852446198463,0.13328431686893127,0.024037985131144503,0.0001632028664861094,0.5288434848189354,0.1427754223199097,0.0,0.4880228601396084,0.17305204297801877,0.3906213319860399,0.14563097517031426,0.12135583534836766,0.001181913709211518,0.2866812124624625,2
2018-11-28,0.0086187152191996,0.0,0.9696000218391418,0.0,0.021781250834465,0.0,0.1666666666666666,0.0089659942314028,0.0,0.9720565676689148,0.0,0.0189774427562952,0.0,0.2886222222222223,1
2018-11-29,0.3183903992176056,0.0,0.0191518571227788,0.0,0.6624577641487122,0.0,0.0,0.0612570382654666,0.0,0.0178888011723756,0.0,0.9208542108535768,0.0,0.3628141167775315,1
2018-12-07,0.0919761732220649,0.0,0.016820341348648,0.0,0.8912035226821899,0.0,0.0,0.3144516348838806,0.0,0.0100109726190567,0.0,0.6755374073982239,0.0,0.2878787878787878,1
2018-12-10,0.0223743375390768,0.0,0.0308055691421031,0.0,0.946820080280304,0.0,0.0,0.0402025766670703,0.0,0.1722829937934875,0.0,0.7875143885612488,0.0,0.2100771869639794,1
2018-12-11,0.6606148779392242,0.022349086394911843,0.1968087549321353,0.033947369745028017,0.1425763368606567,0.001207702289335089,0.2,0.21076780185103414,0.02476471809638903,0.7197433710098267,0.03344609153959155,0.06948878243565555,0.000650992477675986,0.33384809634809626,2
2018-12-12,0.3546348065137863,0.08854655993794959,0.08100051805377005,0.0003230657625820232,0.5643646568059921,0.0781726488405996,0.0,0.9248332977294922,7.79048957753048e-05,0.0158758461475372,1.6299481778170753e-06,0.059290843084454495,0.00010207272328744167,0.4010182998819362,2
2018-12-20,0.0337059907615184,0.0,0.9324175119400024,0.0,0.0338764823973178,0.0,0.3333333333333333,0.0187613554298877,0.0,0.9419997930526732,0.0,0.0392388068139553,0.0,0.3778377630121816,1
2018-12-24,0.0130611844360828,0.0,0.9635637998580932,0.0,0.0233751144260168,0.0,0.5,0.0384666696190834,0.0,0.3615172803401947,0.0,0.6000160574913025,0.0,0.3898333333333332,1
2019-01-01,0.2623867690563202,0.0,0.0077152014710009,0.0,0.7298979759216309,0.0,0.0,0.5958601236343384,0.0,0.112751118838787,0.0,0.2913887202739715,0.0,0.3076475279106858,1
2019-01-02,0.0273040197789669,0.0,0.0447520986199379,0.0,0.9279438853263856,0.0,0.2,0.0316362828016281,0.0,0.0478080883622169,0.0,0.920555591583252,0.0,0.4023809523809524,1
2019-01-10,0.5678327679634094,0.0,0.0085930097848176,0.0,0.4235742688179016,0.0,0.0,0.9383022785186768,0.0,0.0134701617062091,0.0,0.0482275560498237,0.0,0.5022727272727272,1
2019-01-17,0.0902017951011657,0.0,0.0161336865276098,0.0,0.8936644792556763,0.0,0.4,0.1295651048421859,0.0,0.128144308924675,0.0,0.7422905564308167,0.0,0.3214052287581699,1
2019-01-21,0.0187276657670736,7.912520812742064e-05,0.7159845530986786,0.06085687024184329,0.265287796035409,0.05654720657205334,0.45,0.0085686710663139,1.4655335266805211e-06,0.9695361256599426,5.812671592053675e-06,0.02189516369253395,1.4408826070005778e-06,0.23969065656565652,2
2019-01-22,0.3616337785497307,0.1236050757284253,0.5079229231923819,0.2045916604516142,0.1304432433098554,0.010149142558637803,0.0,0.01483036065474145,3.247478860470004e-05,0.9491874873638154,0.0002106371416568109,0.0359821897000074,0.00040852314644499235,0.3280406186043441,2
2019-01-23,0.3160651956374447,0.18130214095826255,0.506222472836574,0.1346216557341832,0.17771232128143308,0.03171601907170008,0.3,0.24371239108343914,0.10937543798077211,0.7253742714722952,0.1067204743540595,0.03091333309809363,0.00011936078195137181,0.3756954365079365,3
2019-01-24,0.27363248448818916,0.12794234771529725,0.6490893339117368,0.1590230033587152,0.07727817694346106,0.0016891296303778404,0.13333333333333333,0.3267961520080765,0.18553138597966354,0.632679616411527,0.17804638511398418,0.0405241983632246,0.00021458948551212044,0.35269697183712756,3
2019-01-30,0.1509022265672683,0.0,0.0088952193036675,0.0,0.8402026295661926,0.0,0.2272727272727272,,,,,,,0.0,1
2019-02-03,0.0093199955299496,0.0,0.9475209712982178,0.0,0.0431590043008327,0.0,0.0,0.0294640511274337,0.0,0.891676664352417,0.0,0.0788592919707298,0.0,0.325,1
2019-02-11,0.1305203884840011,0.0,0.0086823385208845,0.0,0.8607972860336304,0.0,0.0,0.0070421337150037,0.0,0.970418393611908,0.0,0.0225395038723945,0.0,0.4125137085137085,1
2019-03-11,0.906900942325592,0.0,0.0520626008510589,0.0,0.0410364717245101,0.0,0.4,0.8666279315948486,0.0,0.0694981142878532,0.0,0.0638738945126533,0.0,0.4724382716049383,1
2019-03-19,0.0873060524463653,0.0,0.7287222743034363,0.0,0.1839716881513595,0.0,0.0,0.0677968114614486,0.0,0.8311635851860046,0.0,0.1010395735502243,0.0,0.2756302521008403,1
2019-03-20,0.0070817889645695,0.0,0.9619377255439758,0.0,0.0309804119169712,0.0,0.5,0.0095998151227831,0.0,0.968258023262024,0.0,0.022142132744193,0.0,0.4847222222222222,1
2019-03-21,0.20710873417556286,0.03090219180005738,0.7731888592243195,0.03226865407488422,0.01970237679779525,1.4780778607184524e-05,0.0,0.04030990228056905,0.000186340300603063,0.9461501836776733,0.0002682091229786447,0.013539979234337751,7.433502199203424e-06,0.3706196889530222,2
2019-03-22,0.0080110682174563,0.0,0.9721555709838868,0.0,0.0198333989828825,0.0,0.2888888888888889,0.0114740943536162,0.0,0.9736015200614928,0.0,0.0149244479835033,0.0,0.3506439393939394,1
2019-03-25,0.0365682318806648,0.0,0.035649050027132,0.0,0.9277827739715576,0.0,0.0,0.8408355116844177,0.0,0.011333480477333,0.0,0.1478310078382492,0.0,0.2930976430976431,1
2019-04-04,0.0533114224672317,0.0,0.0137486383318901,0.0,0.9329399466514589,0.0,0.1,0.0272989105433225,0.0,0.9618607759475708,0.0,0.0108402948826551,0.0,0.3384901648059543,1
2019-04-09,0.0816979333758354,0.0,0.0120410714298486,0.0,0.9062609672546388,0.0,0.0,0.0094319730997085,0.0,0.9074750542640686,0.0,0.0830929279327392,0.0,0.2194823232323232,1
2019-04-24,0.5909628868103027,0.0,0.0116243539378046,0.0,0.3974127471446991,0.0,0.4,0.1282856911420822,0.0,0.0232250597327947,0.0,0.8484892845153809,0.0,0.4226010101010101,1
2019-05-14,0.0574449263513088,0.0,0.013029970228672,0.0,0.9295250773429872,0.0,0.0,0.0123685216531157,0.0,0.96355140209198,0.0,0.0240801535546779,0.0,0.3912621109049681,1
2019-05-15,0.2486952245235443,0.0,0.6775553226470947,0.0,0.0737494975328445,0.0,0.85,0.3326444029808044,0.0,0.6063709855079651,0.0,0.0609846115112304,0.0,0.4216529703817839,1
2019-05-20,0.0150066595524549,0.0,0.966417133808136,0.0,0.0185762420296669,0.0,0.0,0.0095042763277888,0.0,0.9731882214546204,0.0,0.0173075832426548,0.0,0.3278439153439154,1
2019-05-23,0.144801989197731,0.0,0.0078654941171407,0.0,0.8473325371742249,0.0,0.0,0.0189880989491939,0.0,0.9068867564201356,0.0,0.0741251558065414,0.0,0.4357142857142856,1
2019-06-05,0.3547057509422302,0.0,0.0070915431715548,0.0,0.6382027268409729,0.0,0.0,0.0678053423762321,0.0,0.1104732602834701,0.0,0.8217213153839111,0.0,0.4495833333333333,1
2019-06-27,0.6107540130615234,0.022698393168273157,0.07528265379369255,0.0037515126760840705,0.313963308930397,0.007994183991908207,0.0,0.06418147124350071,0.0007343810548469418,0.22819462139159435,0.04472541414463405,0.7076238989830017,0.033997587052908784,0.39876080802285613,2
2019-07-10,0.89395672082901,0.0,0.0083134192973375,0.0,0.0977298393845558,0.0,0.0,0.1147303730249404,0.0,0.7634600400924683,0.0,0.1218095198273658,0.0,0.3523181818181818,1
2019-07-17,0.0404195450246334,0.0,0.6242455244064331,0.0,0.3353348076343536,0.0,0.35,0.7809082865715027,0.0,0.1571172475814819,0.0,0.0619744956493377,0.0,0.3235294117647059,1
2019-07-19,0.5782408118247986,0.0,0.0096702417358756,0.0,0.4120889008045196,0.0,0.3,0.2234262079000473,0.0,0.0086775133386254,0.0,0.767896294593811,0.0,0.4054407713498622,1
2019-07-24,0.9408679008483888,0.0,0.0223709885030984,0.0,0.0367610454559326,0.0,0.4545454545454545,0.8298640847206116,0.0,0.00897335447371,0.0,0.1611625552177429,0.0,0.4787433155080213,1
2019-07-26,0.4155947105027735,0.1643968823240676,0.4902002993039787,0.2304915627056844,0.0942049631848931,0.005570616495759876,0.2,0.3516750414855778,0.11405167750227804,0.4873691613320261,0.2302603247828023,0.16095583327114574,0.020203512497870176,0.3109146224146224,2
2019-07-29,0.6927989721298218,0.0,0.0094227381050586,0.0,0.297778308391571,0.0,0.0,0.1669979840517044,0.0,0.2584694623947143,0.0,0.5745326280593872,0.0,0.4080729166666668,1
2019-07-30,0.380336582660675,0.0,0.0084880730137228,0.0,0.6111753582954407,0.0,0.0,0.2079684883356094,0.0,0.0275290124118328,0.0,0.7645025253295898,0.0,0.3750915750915751,1
2019-08-06,0.4190007299184799,0.13899726706978677,0.06511312676593654,0.0025080677751670565,0.5158861465752124,0.17884778979973986,0.125,0.388140445575118,0.12766570205669145,0.4837147328071297,0.22456182095868196,0.1281448574736714,0.01359000288840201,0.28122267199562756,2
2019-08-08,0.8080475926399231,0.0,0.0127861145883798,0.0,0.1791662275791168,0.0,0.0,0.8205515146255493,0.0,0.0105384411290287,0.0,0.1689100116491317,0.0,0.355783472479901,1
2019-08-13,0.0100511293858289,0.0,0.9738006591796876,0.0,0.0161482915282249,0.0,0.0,0.0161161310970783,0.0,0.9655903577804564,0.0,0.0182933825999498,0.0,0.3729166666666665,1
2019-08-14,0.6535069942474365,0.0,0.2985861897468567,0.0,0.0479068011045455,0.0,0.0,0.9152600169181824,0.0,0.0468951538205146,0.0,0.0378448143601417,0.0,0.4395899787347155,1
2019-08-28,0.0474945679306983,0.0,0.0190949011594057,0.0,0.9334105253219604,0.0,0.0,0.1687044352293014,0.0,0.0093096923083066,0.0,0.8219858407974243,0.0,0.2825757575757576,1
2019-08-29,0.0453505031764507,0.0,0.0685726478695869,0.0,0.886076807975769,0.0,0.2,0.0261458996683359,0.0,0.8779475688934326,0.0,0.0959065407514572,0.0,0.3096861471861471,1
2019-08-30,0.0967308953404426,0.0,0.0161779634654521,0.0,0.8870911598205566,0.0,0.0,0.1594536155462265,0.0,0.0185515526682138,0.0,0.8219948410987854,0.0,0.4002897102897102,1
2019-09-02,0.8455293774604797,0.0,0.0251175332814455,0.0,0.1293530464172363,0.0,0.2,0.9008926749229432,0.0,0.0090480986982584,0.0,0.0900592431426048,0.0,0.4001199494949494,1
2019-09-06,0.3966154232621193,0.0694029133325836,0.0088803921826183,8.100170674853812e-08,0.5945041626691818,0.06955294933450618,0.1424242424242424,0.40461158379912376,0.1088685224662851,0.01648881239816545,5.36218422164858e-06,0.5788996517658234,0.10734576088726389,0.3188260045179688,2
2019-09-11,0.8146774768829346,0.0,0.0166645981371402,0.0,0.1686578392982483,0.0,0.7272727272727273,0.9074186086654664,0.0,0.0142818931490182,0.0,0.0782994180917739,0.0,0.4523909225694938,1
2019-09-20,0.9500964879989624,0.0,0.0164278391748666,0.0,0.0334756411612033,0.0,0.3833333333333333,0.359178364276886,0.0,0.0119801284745335,0.0,0.6288414597511292,0.0,0.339642148526077,1
2019-09-30,0.0374934487044811,0.0,0.0212299469858407,0.0,0.9412766098976136,0.0,0.0,0.9370565414428712,0.0,0.0132463658228516,0.0,0.0496970452368259,0.0,0.5377777777777778,1
2019-10-08,0.02540226280689235,3.968473216722945e-06,0.8317641913890839,0.011190361626241886,0.14283357560634607,0.011615794891556295,0.4,0.0215294007211923,1.3490465700958534e-05,0.8022297918796539,0.01941432707973778,0.17624084278941154,0.01840428555472408,0.37324472903745376,2
2019-10-09,0.7595233917236328,0.0,0.0128712998703122,0.0,0.2276052236557006,0.0,0.0,0.0338936559855937,0.0,0.5813751220703125,0.0,0.3847312331199646,0.0,0.3220430107526881,1
2019-10-10,0.2913000881671905,0.0,0.6739389896392822,0.0,0.0347609519958496,0.0,0.4,0.01393563672900195,1.5132783309868891e-07,0.7889179587364197,0.00012269303402945297,0.1971464157104492,0.00011422680204398183,0.2932098765432099,2
2019-10-18,0.9089391231536864,0.0,0.0324560739099979,0.0,0.0586048737168312,0.0,0.0,0.9272398352622986,0.0,0.015877453610301,0.0,0.056882731616497,0.0,0.2559178743961353,1
2019-10-21,0.0220146551728248,0.0,0.5433242321014404,0.0,0.4346611499786377,0.0,0.0,0.0805320814251899,0.0,0.0219483859837055,0.0,0.8975195288658142,0.0,0.3891843971631205,1
2019-10-23,0.040549299679696546,0.0009747524409758222,0.5010663708671927,0.22425313800874883,0.4583843052387237,0.19565823057885814,0.0,0.089492299593985,0.006637225630812108,0.492558155208826,0.23222933611765817,0.417949547059834,0.16034631240695552,0.4196615321615321,2
2019-10-24,0.4780783653259277,0.0,0.02896523848176,0.0,0.4929563105106354,0.0,0.3,0.2716136872768402,0.0,0.0097953509539365,0.0,0.7185909748077393,0.0,0.4055358001786573,1
2019-10-30,0.203844740986824,0.0,0.0167742669582366,0.0,0.7793810367584229,0.0,0.3666666666666667,0.0221665445715188,0.0,0.8514502644538879,0.0,0.1263832002878189,0.0,0.4517766955266955,1
2019-11-01,0.1293146312236786,0.0,0.0360332317650318,0.0,0.8346521258354187,0.0,0.0,0.3644647598266601,0.0,0.0971546918153762,0.0,0.5383805632591248,0.0,0.350757187853962,1
2019-11-06,0.0468886829912662,0.0,0.4491021931171417,0.0,0.5040091276168823,0.0,0.0,0.0469259098172187,0.0,0.5791422128677368,0.0,0.373931884765625,0.0,0.3505357142857143,1
2019-11-07,0.9470457434654236,0.0,0.0289538372308015,0.0,0.0240004379302263,0.0,0.0,0.7698193192481995,0.0,0.1990275084972381,0.0,0.0311531536281108,0.0,0.3233563311688312,1
2019-11-08,0.2958851754665375,0.0,0.0126536153256893,0.0,0.6914612054824829,0.0,0.0,0.0457865297794342,0.0,0.052489798516035,0.0,0.9017236232757568,0.0,0.3366744366744367,1
2019-11-12,0.0138029977679252,0.0,0.9286911487579346,0.0,0.0575057864189147,0.0,0.0,0.0153265269473195,0.0,0.9643641114234924,0.0,0.0203093942254781,0.0,0.3735651974288337,1
2019-11-13,0.0302890902385115,7.968274489862698e-05,0.9518173336982728,3.6898682310493314e-05,0.01789356255903835,8.134211147122685e-06,0.14375,0.03588113002479075,1.0040684964799424e-05,0.9500894248485565,2.5666846448224027e-05,0.014029461890459002,3.600848699495617e-06,0.3644131460103682,2
2019-11-14,0.4645579322241246,0.20881094919289067,0.49062487622722983,0.23275821054368603,0.04481720272451635,0.0006498354365256249,0.44722222222222224,0.1304451283067464,0.014583363437769151,0.8190394639968872,0.023194945103458747,0.050515416078269454,0.0009945998211911902,0.3189927805252881,2
2019-11-15,0.0210831854492425,0.0,0.1547175645828247,0.0,0.8241992592811584,0.0,0.0,0.1641580015420913,0.0,0.0381224639713764,0.0,0.7977195382118225,0.0,0.3382102272727272,1
2019-11-18,0.21155357360839838,0.005562951962986061,0.018141156062483697,6.125362163770373e-06,0.7703052759170532,0.00593825953855287,0.0,0.21389969438314432,0.0032605025152832637,0.0252710743807256,9.719411222393173e-05,0.7608292400836945,0.004483578673238675,0.34950892521457033,2
2019-11-26,0.0431921929121017,0.0,0.0307396184653043,0.0,0.9260681867599488,0.0,0.0,0.1119719296693801,0.0,0.0415574386715889,0.0,0.8464706540107727,0.0,0.4305511964886963,1
2019-11-27,0.8275653719902039,0.0,0.1126692146062851,0.0,0.0597654692828655,0.0,0.0,0.6144459843635559,0.0,0.3469621837139129,0.0,0.0385917574167251,0.0,0.3015428262213976,1
2019-12-04,0.08607979118824,0.0,0.0098223704844713,0.0,0.9040977954864502,0.0,0.0,0.0212949384003877,0.0,0.9494670629501344,0.0,0.0292380023747682,0.0,0.3965548340548341,1
2019-12-20,0.0372235365211963,0.0,0.0348332338035106,0.0,0.9279432892799376,0.0,0.0,0.1661030501127243,0.0,0.0097485780715942,0.0,0.8241483569145203,0.0,0.3821301247771835,1
2019-12-23,0.06747204065322876,0.0003094553249705092,0.01333701098337765,1.6671509836469453e-05,0.9191909432411194,0.00018247309498420198,0.5,0.33819172158837313,0.05608978633640696,0.00918128620833155,1.05776346459939e-06,0.6526269912719727,0.05560370514914226,0.251159420289855,2
2019-12-31,0.3222933113574981,0.0,0.0112841734662652,0.0,0.6664224863052368,0.0,0.0,0.9136704206466676,0.0,0.0119495503604412,0.0,0.0743800997734069,0.0,0.2317028985507246,1
2020-01-08,0.0163892582058906,0.0,0.9294356107711792,0.0,0.0541751347482204,0.0,0.35,0.2557602524757385,0.0,0.0489784181118011,0.0,0.6952612400054932,0.0,0.4351051095369277,1
2020-01-21,0.18780742492526764,0.03221132748724723,0.7740747034549713,0.03080041929482835,0.03811789676547045,1.579805035589743e-05,0.14444444444444446,0.27751833270303905,0.07298514748590426,0.5102299246937037,0.2140113457733315,0.21225168742239475,0.03703929384016316,0.2612698412698412,2
2020-01-22,0.0217235647141933,0.0,0.8005341291427612,0.0,0.1777423471212387,0.0,0.0,0.0615858659148216,0.0,0.523602306842804,0.0,0.4148119390010834,0.0,0.4190273704789834,1
2020-01-27,0.0482703112065792,0.0,0.2083420157432556,0.0,0.7433876991271973,0.0,0.0,0.0094193387776613,0.0,0.9252524375915528,0.0,0.0653282552957534,0.0,0.3617768595041322,1
2020-02-04,0.0221630204468965,0.0,0.4335672557353973,0.0,0.5442697405815125,0.0,0.0,0.4276323020458221,0.0,0.2090290933847427,0.0,0.3633385598659515,0.0,0.449693813131313,1
2020-02-11,0.9557884335517884,0.0,0.0195411313325166,0.0,0.0246705021709203,0.0,0.0,0.0403938926756382,0.0,0.8987807035446167,0.0,0.0608254335820674,0.0,0.3992383512544802,1
2020-02-13,0.1390145272016525,0.0,0.7498223781585693,0.0,0.1111630797386169,0.0,0.0,0.0161625612527132,0.0,0.9523757100105286,0.0,0.0314618200063705,0.0,0.3634316134316135,1
2020-03-02,0.6054292917251587,0.0,0.294702410697937,0.0,0.0998682305216789,0.0,0.0,0.0319618061184883,0.0,0.7812831997871399,0.0,0.1867549270391464,0.0,0.3333333333333333,1
2020-03-06,0.1460552960634231,0.0,0.009486318565905,0.0,0.8444584012031555,0.0,0.0,0.2052472233772277,0.0,0.0576354973018169,0.0,0.7371172308921814,0.0,0.3847261072261072,1
2020-03-09,0.2774507105350494,0.0,0.6776126027107239,0.0,0.0449366830289363,0.0,0.1999999999999999,0.0724282935261726,0.0,0.8828042149543762,0.0,0.0447674877941608,0.0,0.3012941919191918,1
2020-03-16,0.0218776389956474,0.0,0.7177625894546509,0.0,0.2603597342967987,0.0,0.0,0.0419949367642402,0.0,0.3469567000865936,0.0,0.6110482811927795,0.0,0.337950781102955,1
2020-03-20,0.0523647554218769,0.0,0.0150786507874727,0.0,0.9325566291809082,0.0,0.4272727272727272,0.1977990120649337,0.0,0.0424237325787544,0.0,0.7597772479057312,0.0,0.3992596418732783,1
2020-03-21,0.0523647554218769,0.0,0.0150786507874727,0.0,0.9325566291809082,0.0,0.4272727272727272,0.1977990120649337,0.0,0.0424237325787544,0.0,0.7597772479057312,0.0,0.3992596418732783,1
2020-03-22,0.0523647554218769,0.0,0.0150786507874727,0.0,0.9325566291809082,0.0,0.4272727272727272,0.1977990120649337,0.0,0.0424237325787544,0.0,0.7597772479057312,0.0,0.3992596418732783,1
2020-03-23,0.2589013669639825,0.04265737190729464,0.22034520749002695,0.042134359300522915,0.5207534655928612,0.16958184554112385,0.2136363636363636,0.5055441483855247,0.09470706892897915,0.07169888913631435,0.0008570347914696456,0.42275693267583847,0.1135826928776563,0.3939363117709077,2
2020-03-31,0.1176513582468032,0.0,0.0203961860388517,0.0,0.8619524240493774,0.0,0.4545454545454545,0.4860536754131317,0.0,0.0113774444907903,0.0,0.5025688409805298,0.0,0.4110442571612782,1
2020-04-01,0.8526695966720581,0.0,0.0164965093135833,0.0,0.1308338195085525,0.0,0.0,0.4434825479984283,0.0,0.1226173639297485,0.0,0.4339001178741455,0.0,0.3109848484848485,1
2020-04-03,0.1527091115713119,0.0,0.0410847812891006,0.0,0.8062061667442322,0.0,0.0,0.1726939380168914,0.0,0.0720309093594551,0.0,0.7552751898765564,0.0,0.3780855218855218,1
2020-04-09,0.0754804983735084,0.0,0.0350990705192089,0.0,0.8894204497337341,0.0,0.1,0.0766883790493011,0.0,0.6117389798164368,0.0,0.3115725517272949,0.0,0.4195286195286195,1
2020-04-22,0.1511465013027191,0.0,0.0113590946421027,0.0,0.837494432926178,0.0,0.0,0.495012104511261,0.0,0.0100092198699712,0.0,0.4949786365032196,0.0,0.3655166957798537,1
2020-04-25,0.5096704363822937,0.0,0.0114780832082033,0.0,0.4788515269756317,0.0,0.3,0.0466356948018074,0.0,0.1029170751571655,0.0,0.8504472374916077,0.0,0.4674706246134816,1
2020-05-04,0.1257858574390411,0.0,0.0095278089866042,0.0,0.8646863102912903,0.0,0.0,,,,,,,0.0,1
2020-05-06,0.3240221440792084,0.0,0.0092209232971072,0.0,0.6667569875717163,0.0,0.0,0.0347744524478912,0.0,0.1006896495819091,0.0,0.8645358681678772,0.0,0.2854484848484848,1
2020-05-12,0.0455124825239181,0.0,0.9414616823196412,0.0,0.0130258416756987,0.0,0.25,0.2070586830377578,0.0,0.7478353381156921,0.0,0.0451059602200984,0.0,0.4488359788359788,1
2020-05-14,0.9185675978660583,0.0,0.0117220664396882,0.0,0.069710373878479,0.0,0.0,,,,,,,0.0,1
2020-05-19,0.0100927259773015,0.0,0.9752264022827148,0.0,0.0146808670833706,0.0,0.1666666666666666,0.0227969139814376,0.0,0.960383415222168,0.0,0.0168196763843297,0.0,0.3916190476190477,1
2020-05-26,0.4492879807949066,0.0,0.0081988787278532,0.0,0.5425131916999817,0.0,0.4545454545454545,0.8312140703201294,0.0,0.0118500925600528,0.0,0.156935840845108,0.0,0.3618371212121212,1
2020-05-28,0.9173471927642822,0.0,0.012869487516582,0.0,0.0697832703590393,0.0,0.0,0.8939152359962463,0.0,0.0723294541239738,0.0,0.0337553657591342,0.0,0.3897863247863249,1
2020-05-29,0.0636420845985412,0.0,0.0150667745620012,0.0,0.9212911128997804,0.0,0.0,0.0434884130954742,0.0,0.1815963685512542,0.0,0.7749151587486267,0.0,0.4095117845117845,1
2020-06-02,0.2412621527910232,0.0,0.0156265050172805,0.0,0.7431113719940186,0.0,0.0,0.8603619933128357,0.0,0.0109216906130313,0.0,0.1287163496017456,0.0,0.3822261072261072,1
2020-06-04,0.298225924372673,0.028083333936841606,0.027886045631021202,0.00036233090165203614,0.6738880425691605,0.034825460466653135,0.3333333333333333,0.09317420236766336,0.0030258484801984386,0.132813892327249,0.013718617711562377,0.774011880159378,0.003858745126380292,0.359233154033718,2
2020-06-11,0.0216058585792779,0.0,0.9248381853103638,0.0,0.0535559318959713,0.0,0.0,0.0524239391088485,0.0,0.8672574758529663,0.0,0.0803185999393463,0.0,0.4111029411764706,1
2020-06-16,0.2153123468160629,0.0,0.0077961795032024,0.0,0.7768915295600891,0.0,0.0,0.4911192655563354,0.0,0.0259534250944852,0.0,0.4829272925853729,0.0,0.3925925925925926,1
2020-06-19,0.5706384181976318,0.0,0.3297367691993713,0.0,0.0996248498558998,0.0,0.3333333333333333,0.0369791872799396,0.0,0.8032182455062866,0.0,0.15980264544487,0.0,0.3880050505050504,1
2020-06-26,0.0259125847369432,0.0,0.1408898830413818,0.0,0.8331975340843201,0.0,0.0,0.0230940580368042,0.0,0.7596361041069031,0.0,0.2172698378562927,0.0,0.3535886818495513,1
2020-07-01,0.0167839992791414,0.0,0.8753648996353149,0.0,0.1078510805964469,0.0,0.5,0.017961960285902,0.0,0.8424577713012695,0.0,0.1395802795886993,0.0,0.287037037037037,1
2020-07-03,0.9237420558929444,0.0,0.0187651496380567,0.0,0.0574928633868694,0.0,0.0,0.074966661632061,0.0,0.0317341424524784,0.0,0.8932991623878479,0.0,0.3340532655750047,1
2020-07-09,0.0155909322202205,0.0,0.0924390777945518,0.0,0.8919699192047119,0.0,0.15,0.1055149734020233,0.0,0.0161934178322553,0.0,0.8782916069030762,0.0,0.2758441558441558,1
2020-07-11,0.5198648571968079,0.0,0.2233682125806808,0.0,0.2567668855190277,0.0,0.5,0.0204838570207357,0.0,0.7577933073043823,0.0,0.2217229008674621,0.0,0.3228004179728317,1
2020-07-16,0.1835371255874633,0.0,0.7708778381347656,0.0,0.0455850325524807,0.0,0.5,0.3849292397499084,0.0,0.0219399705529212,0.0,0.5931307673454285,0.0,0.4405651755651755,1
2020-07-20,0.7957888841629028,0.0,0.0063385218381881,0.0,0.1978726387023925,0.0,0.6666666666666666,0.6874160170555115,0.0,0.0077902716584503,0.0,0.3047936856746673,0.0,0.2868589743589744,1
2020-07-21,0.2319434881210327,0.0,0.0118060503154993,0.0,0.7562504410743713,0.0,0.75,0.5277469158172607,0.0,0.0106654167175292,0.0,0.4615876376628876,0.0,0.2704040404040405,1
2020-07-26,0.2055665999650955,0.0,0.7089281678199768,0.0,0.0855052918195724,0.0,0.4166666666666667,0.0143124312162399,0.0,0.9015493988990784,0.0,0.0841381475329399,0.0,0.3543202588657133,1
2020-07-28,0.1626435667276382,0.0,0.0614412277936935,0.0,0.7759151458740234,0.0,0.0,0.0131042152643203,0.0,0.9669061303138732,0.0,0.0199896190315485,0.0,0.3311021984551396,1
2020-07-30,0.8803855776786804,0.0,0.0085821514949202,0.0,0.1110321730375289,0.0,0.4545454545454545,0.4436357915401459,0.0,0.0691793635487556,0.0,0.4871848523616791,0.0,0.4672619047619047,1
2020-07-31,0.0359810441732406,0.0,0.0892257466912269,0.0,0.8747931718826294,0.0,0.25,0.0370485261082649,0.0,0.0800127983093261,0.0,0.8829386830329895,0.0,0.3813008130081301,1
2020-08-04,0.0528826341032981,0.0,0.0965917557477951,0.0,0.8505256175994873,0.0,0.0,0.0356759764254093,0.0,0.3403870761394501,0.0,0.6239369511604309,0.0,0.2983333333333333,1
2020-08-05,0.2447966188192367,0.015985635066499748,0.0853811679407954,0.005571663932457406,0.6698222011327744,0.040432319204670955,0.0,0.24706766195595264,0.045801567764759965,0.3667693752795458,0.11839299422684849,0.3861629515886307,0.016918177996016803,0.35170634920634913,2
2020-08-07,0.03032600767910478,0.0006323071205909018,0.9283103585243225,0.0010022836927129236,0.041363652795553166,0.00022216479325417056,0.15,0.019226318039,0.00015862503140692664,0.829607343673706,0.03934238790196872,0.1511663299053907,0.0346675457186955,0.34906546971800045,5
2020-08-08,0.0239564403891563,0.0,0.8652032017707825,0.0,0.1108403205871582,0.0,0.0,0.0218811482191085,0.0,0.650636613368988,0.0,0.3274821937084198,0.0,0.4282467532467533,1
2020-08-10,0.5520193725824356,0.10327849130099453,0.08353917766362427,0.00738715073751045,0.36444140660266083,0.1161573494625332,0.0,0.4147445112466812,0.14543285615097212,0.2985567121456066,0.10251674349751218,0.2866987393548091,0.13062403501151978,0.3912653005203428,3
2020-08-11,0.0929389487331112,0.0120219467192013,0.5889683587787052,0.17232597718499168,0.31809272617101664,0.09408193279972411,0.19966329966329963,0.30188423705597717,0.15278282038568067,0.4984762171904246,0.1207341426743016,0.19963956810533992,0.05843461293652883,0.3773806405119536,3
2020-08-12,0.41853747765223187,0.1269657661333818,0.2344460425277551,0.08678055298458535,0.34701645871003467,0.13372176790789422,0.24444444444444444,0.04752477630972853,0.0009419129522134914,0.7622118492921194,0.06282127312731252,0.1902633973707755,0.048728285582026826,0.3873623358808544,3
2020-08-13,0.1394593119621276,0.0,0.5694090127944946,0.0,0.2911315858364105,0.0,0.0,0.0415015518665313,0.0,0.3804377615451813,0.0,0.5780607461929321,0.0,0.3466919191919192,1
2020-08-14,0.4520402764901519,0.18328570994313578,0.0670036934316158,4.131429380273295e-05,0.4809560012072325,0.18883059791482829,0.15,0.0591802662238478,0.0008722002735280396,0.45820287615060806,0.08082479091423572,0.4826168194413185,0.06490468713086502,0.3947614885114885,2
2020-08-17,0.8605982065200806,0.0,0.0201795250177383,0.0,0.1192222833633422,0.0,0.0,0.7018166184425354,0.0,0.0146548356860876,0.0,0.2835285067558288,0.0,0.3622908432147563,1
2020-08-18,0.3924961294978857,0.1274972030538788,0.0149778514169156,2.594283639741054e-05,0.5925259962677956,0.12388576173763927,0.2,0.3908415734767914,0.012722919383642228,0.018663000315427752,4.2925086419023996e-05,0.590495377779007,0.01128782506698034,0.3782833029543555,2
2020-08-20,0.25303262472152704,0.025134386833375558,0.015207671560347,8.723825297472287e-06,0.7317597270011902,0.026079624360363596,0.175,0.0777925495058298,0.002073831488029506,0.0197359081357717,6.148391515714883e-05,0.9024715721607208,0.001421152736363669,0.26959071140105617,2
2020-08-24,0.0683251544833183,0.0,0.0100127076730132,0.0,0.9216620922088624,0.0,0.0,0.0386920720338821,0.0,0.1089029684662818,0.0,0.8524050116539001,0.0,0.3514199134199134,1
2020-08-26,0.2145695785681406,0.0672660194829405,0.45293620973825455,0.1483855392506855,0.3324941912045081,0.17770903822241305,0.0,0.6180042534445722,0.18551189202302942,0.3252716340745489,0.1776829385047166,0.0567241050302982,0.0003570709788696212,0.3251314970432617,3
2020-09-02,0.0217196550220251,0.0,0.9384257793426514,0.0,0.0398545935750007,0.0,0.0,0.1326024532318115,0.0,0.6907863020896912,0.0,0.1766113489866256,0.0,0.3092592592592593,1
2020-09-03,0.3595418281232317,0.06555610024039273,0.43631811657299596,0.15562474685148786,0.20414004474878308,0.02017551468068512,0.12916666666666668,0.05998864257708187,0.0030118495420279633,0.6970012784004211,0.047723427782247065,0.24301005279024435,0.028178910829772166,0.3006709249356308,3
2020-09-05,0.1815066933631897,0.0,0.1127421632409095,0.0,0.7057511210441589,0.0,0.4,0.0454886853694915,0.0,0.2682377398014068,0.0,0.6862736344337463,0.0,0.3140428841991343,1
2020-09-07,0.7020050287246704,0.0,0.0125520396977663,0.0,0.2854428887367248,0.0,0.0,0.0207869838923215,0.0,0.6183340549468994,0.0,0.3608789145946502,0.0,0.3838624338624339,1
2020-09-09,0.5819346308708191,0.10910622322711916,0.010691463015973499,2.6332735991729496e-06,0.40737392753362656,0.11018090089045138,0.36666666666666664,0.6423414945602417,0.09091067404378705,0.015900254715234,3.4384907840350166e-06,0.3417581617832184,0.09203232556593921,0.5151515151515151,2
2020-09-11,0.4138457477092743,0.0,0.5031498670578003,0.0,0.0830043852329254,0.0,0.25,0.0385290496051311,0.0,0.2322539240121841,0.0,0.7292170524597168,0.0,0.3671478296478296,1
2020-09-14,0.4078344963490963,0.10920581136730846,0.0102986909914761,9.803499833250328e-06,0.5818668156862258,0.1071462024139491,0.25,0.41434852033853525,0.13469696708932993,0.03943247068673365,0.0010160352391671785,0.5462190359830856,0.11231586637267224,0.32533900650339004,2
2020-09-15,0.4818399250507355,0.0,0.0086666336283087,0.0,0.5094934105873108,0.0,0.4386363636363636,0.395561933517456,0.0,0.0143875312060117,0.0,0.5900505185127258,0.0,0.4152097902097902,1
2020-09-16,0.04971140623092645,0.00033371071710064295,0.038308968767523696,0.0003099990275601568,0.911979615688324,0.0012869830201545085,0.15,0.10647171363234516,0.006279900679574974,0.22107955394312737,0.04362564270089053,0.6724486947059631,0.016801781105900915,0.37236881977671454,2
2020-09-17,0.0366659797728061,0.0,0.4614427387714386,0.0,0.5018913149833679,0.0,0.0,0.0429998412728309,0.0,0.6316340565681458,0.0,0.325366199016571,0.0,0.4974999999999999,1
2020-09-18,0.1248459592461586,0.0,0.0107343755662441,0.0,0.8644196391105652,0.0,0.0,0.0762057080864906,0.0,0.3847541511058807,0.0,0.5390401482582092,0.0,0.3974627224627226,1
2020-09-22,0.9433474540710448,0.0,0.0184502732008695,0.0,0.0382022373378276,0.0,0.5,0.027449183166027,0.0,0.741944432258606,0.0,0.2306063622236251,0.0,0.340204678362573,1
2020-09-23,0.10908505134284495,0.002450989665158667,0.1825664974749088,0.01289526156133048,0.708348423242569,0.004102378182957445,0.0,0.0786719620227813,0.0035575487897434605,0.47014340758323664,0.11329492929988397,0.4511846750974655,0.07670015618342263,0.35240807480633063,2
2020-09-24,0.0224822517484426,0.0,0.5632695555686951,0.0,0.4142481982707977,0.0,0.0,0.0314357988536357,0.0,0.5532476305961609,0.0,0.4153165519237518,0.0,0.3654671717171716,1
2020-09-25,0.0582549180835485,2.0354773109802016e-05,0.3183877468109131,0.0013706413236072024,0.623357355594635,0.0017250538989834752,0.25,0.0479016928002238,0.0008372478780364986,0.5055723935365677,0.04282232998387614,0.446525901556015,0.03168412841905256,0.41452793238507524,2
2020-09-28,0.0215134266763925,0.0,0.8985634446144104,0.0,0.0799231827259063,0.0,0.0,0.0301303565502166,0.0,0.7361617684364319,0.0,0.2337079048156738,0.0,0.4797052154195012,1
2020-09-30,0.0545383989810943,0.0,0.0153289409354329,0.0,0.9301326870918274,0.0,0.0,0.9551594853401184,0.0,0.0161657612770795,0.0,0.028674766421318,0.0,0.4124579124579124,1
2020-10-02,0.0223175957798957,0.0,0.905996024608612,0.0,0.0716863870620727,0.0,0.0,0.0372410155832767,0.0,0.6516872048377991,0.0,0.3110716640949249,0.0,0.4324337121212123,1
2020-10-07,0.26228430680930614,0.05769994140233593,0.08719998225569721,0.005997726357486764,0.6505156904459,0.02649184737539856,0.0,0.39547514542937273,0.11790542944721819,0.3209927827119827,0.09682500497057435,0.2835320383310318,0.0010372541997691886,0.3974788780823264,2
2020-10-08,0.0744347870349884,0.0,0.9007793664932252,0.0,0.0247857999056577,0.0,0.75,0.02539680339396,0.0,0.6447690725326538,0.0,0.3298341333866119,0.0,0.359375431331953,1
2020-10-09,0.3116559684276581,0.0,0.0161441918462514,0.0,0.6721998453140259,0.0,0.0,0.912916898727417,0.0,0.0342190153896808,0.0,0.0528640896081924,0.0,0.3411396574440052,1
2020-10-13,0.0652683079242706,0.0,0.0157464928925037,0.0,0.9189851880073548,0.0,0.25,0.067960686981678,0.0,0.0130675695836544,0.0,0.9189717769622804,0.0,0.1648148148148148,1
2020-10-14,0.1839031726121902,0.0,0.426964670419693,0.0,0.3891322016716003,0.0,0.0,0.0284270588308572,0.0,0.3634909093379974,0.0,0.6080819964408875,0.0,0.3658787878787878,1
2020-10-15,0.0289400871843099,0.0,0.8395233750343323,0.0,0.1315365582704544,0.0,0.0,0.0344963520765304,0.0,0.5610293745994568,0.0,0.4044742882251739,0.0,0.4760303030303031,1
2020-10-19,0.6669849753379822,0.0,0.0102799590677022,0.0,0.3227351009845733,0.0,0.9,0.1462181210517883,0.0,0.3329466581344604,0.0,0.5208351612091064,0.0,0.3070549242424242,1
2020-10-20,0.5578084488709768,0.0440676264997146,0.0389467539886633,0.0009999466126754996,0.4032448207338651,0.05807793946104165,0.48484848484848486,0.4162115218738715,0.07573502497596987,0.055737135621408564,0.0024723312659189,0.5280513763427734,0.051192358348853766,0.3581943616852406,3
2020-10-26,0.0313668362796306,0.0,0.609583854675293,0.0,0.359049379825592,0.0,0.0,0.0314282774925231,0.0,0.7089351415634155,0.0,0.2596366703510284,0.0,0.4172799422799423,1
2020-10-28,0.0369972065091133,0.0,0.6663652062416077,0.0,0.2966375648975372,0.0,0.0,0.1498474031686782,0.0,0.1576254814863205,0.0,0.6925271153450012,0.0,0.3522224654247126,1
2020-10-29,0.209370344877243,0.0,0.0105922017246484,0.0,0.7800374627113342,0.0,0.0,0.4094884395599365,0.0,0.0128929615020751,0.0,0.5776185989379883,0.0,0.435,1
2020-11-09,0.6632733941078186,0.0,0.2837962806224823,0.0,0.0529302693903446,0.0,0.4,0.0243378933519125,0.0,0.8824242353439331,0.0,0.093237817287445,0.0,0.3726142962728328,1
2020-11-10,0.2656418681144714,0.0,0.1584231555461883,0.0,0.5759350061416626,0.0,0.0,0.0800874978303909,0.0,0.0678145810961723,0.0,0.8520979881286621,0.0,0.2977142110762801,1
2020-11-11,0.035323916003108,0.0001735946984102218,0.7102436423301697,6.738458268173986e-05,0.25443244725465775,2.466868693368207e-05,0.16666666666666666,0.23710281867533914,0.04536439888012504,0.5886020362377167,0.007149376681710784,0.17429506592452526,0.016495599662743617,0.3920945922357212,2
2020-11-16,0.942454755306244,0.0,0.0109786903485655,0.0,0.0465665869414806,0.0,0.0,0.0218734927475452,0.0,0.9595061540603638,0.0,0.0186203811317682,0.0,0.4206018518518519,1
2020-12-23,0.0573539324104785,0.0,0.170698881149292,0.0,0.7719472050666809,0.0,0.0,0.0133261075243353,0.0,0.9505184888839722,0.0,0.0361553579568862,0.0,0.3286550729971781,1
2021-01-06,0.7998034954071045,0.0,0.1568636298179626,0.0,0.0433329418301582,0.0,0.25,0.2034994512796402,0.0,0.7298132181167603,0.0,0.0666873455047607,0.0,0.3672558922558922,1
2021-01-25,0.0231140758842229,0.0,0.5019124150276184,0.0,0.4749734699726105,0.0,0.0,0.8003532290458679,0.0,0.1220092102885246,0.0,0.0776374861598014,0.0,0.3407147141357667,1
2021-02-09,0.918253481388092,0.0,0.0560363158583641,0.0,0.025710267946124,0.0,0.0,0.903392255306244,0.0,0.0653751119971275,0.0,0.0312325861304998,0.0,0.3232194616977226,1
2021-03-14,0.0893243998289108,0.0,0.6461549401283264,0.0,0.2645207047462463,0.0,0.1666666666666666,0.1310618966817855,0.0,0.8356044292449951,0.0,0.0333337225019931,0.0,0.337424924924925,1
2021-08-10,0.2205916196107864,0.0,0.6873553991317749,0.0,0.0920529067516326,0.0,0.0,0.0130478190258145,0.0,0.9673493504524232,0.0,0.0196028966456651,0.0,0.3591594516594518,1
2021-08-18,0.4698556186631322,0.19583276926862683,0.4798194067552686,0.215120800840214,0.05032495688647025,0.0004528889381147027,0.3222222222222222,0.0348856737837195,0.0006204249643063174,0.9448935687541962,0.0005525719971197799,0.0202207444235682,1.9641600480521032e-06,0.3573153899240855,2
2021-08-19,0.0170010142028331,0.0,0.9506086707115172,0.0,0.032390296459198,0.0,0.3296296296296296,0.0133650917559862,0.0,0.9634386301040648,0.0,0.0231963600963354,0.0,0.3356321839080459,1
2021-08-30,0.0226842891424894,0.0,0.9492546319961548,0.0,0.0280610769987106,0.0,0.0962962962962963,0.0123673751950263,0.0,0.9688355922698976,0.0,0.0187969878315925,0.0,0.4449646074646073,1
2021-09-09,0.0107863405719399,0.0,0.9669427275657654,0.0,0.0222708974033594,0.0,0.5,0.0092599308118224,0.0,0.9688137769699096,0.0,0.0219263043254613,0.0,0.442165071770335,1
2021-10-18,0.703097939491272,0.0,0.2237439900636673,0.0,0.0731581524014473,0.0,0.0,0.6050552129745483,0.0,0.3432543575763702,0.0,0.0516904704272747,0.0,0.3990721580007294,1
2021-12-22,0.48485510237514967,0.20701940997216692,0.025993482209742,3.3647055950820625e-06,0.4891513269394636,0.20869201220943037,0.2318181818181818,0.07863422669470306,0.0031165371738568846,0.8418255746364594,1.969595795348056e-05,0.079540173523128,0.002640715837832424,0.42781529581529576,2
2021-12-28,0.9040337800979614,0.0,0.0411915332078933,0.0,0.0547746792435646,0.0,0.2777777777777777,0.6981779336929321,0.0,0.2679066061973572,0.0,0.0339154787361621,0.0,0.3741540404040404,1
2021-12-29,0.8389082551002502,0.0,0.0694583877921104,0.0,0.0916332602500915,0.0,0.3,0.0118954386562109,0.0,0.9706488251686096,0.0,0.0174557473510503,0.0,0.2522974101921471,1
2021-12-31,0.0483390279114246,0.0,0.0833754241466522,0.0,0.8682855367660522,0.0,0.0,0.0121790431439876,0.0,0.9569227695465088,0.0,0.0308982413262128,0.0,0.31963657207932,1
2022-01-04,0.0101541280746459,0.0,0.9641860127449036,0.0,0.0256598480045795,0.0,0.0,0.1519700139760971,0.0,0.412544310092926,0.0,0.4354856610298157,0.0,0.315079365079365,1
2022-01-05,0.01940538547933095,2.5327533407366373e-06,0.9610067307949066,9.150055825023924e-06,0.0195879247039556,2.1310772713587985e-05,0.0945286195286195,0.01298899902030825,3.3011323107118856e-06,0.9542543292045593,3.3489542161645925e-05,0.03275669179856775,1.5762045894266427e-05,0.3258369909411576,2
2022-03-14,0.016087245196104,0.0,0.9408047199249268,0.0,0.0431080013513565,0.0,0.5,0.0094140246510505,0.0,0.9721963405609132,0.0,0.0183896534144878,0.0,0.4206349206349206,1
2022-03-15,0.0657215118408203,0.0,0.8584250807762146,0.0,0.0758533403277397,0.0,0.75,0.0087082404643297,0.0,0.9691638946533204,0.0,0.0221278388053178,0.0,0.3518518518518518,1
2022-03-16,0.7763627171516418,0.0,0.1354288309812545,0.0,0.0882084593176841,0.0,0.0,0.8968349695205688,0.0,0.0753500536084175,0.0,0.0278149675577878,0.0,0.21929012345679,1
2022-05-27,0.940398097038269,0.0,0.0231572203338146,0.0,0.0364446453750133,0.0,0.7333333333333333,0.5321866273880005,0.0,0.4325971305370331,0.0,0.0352162048220634,0.0,0.3222222222222222,1
2022-06-27,0.7916847169399261,0.00907300165910474,0.07052261941134925,0.0005687323892023305,0.1377926133573055,0.0050985587203829135,0.0,0.40772621147334576,0.13267660149539137,0.5436420291662216,0.14840533677298876,0.048631792888045255,0.00044041907896100543,0.40536346905912113,2
2022-08-02,0.061988640576601,0.00259899969480905,0.6282003670930862,0.11584422005142186,0.309811002574861,0.08373996077560614,0.3125,0.01285737659782165,6.675299953295876e-06,0.9494280517101288,0.0005173098690116592,0.03771455027163025,0.00040645544708154205,0.3805847070998586,2
2022-08-04,0.9082647562026978,0.0,0.0538922883570194,0.0,0.0378429479897022,0.0,0.2,0.0118985520675778,0.0,0.9694669246673584,0.0,0.0186345446854829,0.0,0.3680164009432303,1
2022-08-08,0.0109330555424094,0.0,0.9602642059326172,0.0,0.0288027338683605,0.0,0.0,0.014589712023735,0.0,0.965500831604004,0.0,0.0199094377458095,0.0,0.3853140096618357,1
2022-08-10,0.0162910521030426,0.0,0.9599776268005372,0.0,0.0237312689423561,0.0,0.2083333333333333,0.01107894256711,0.0,0.9708168506622314,0.0,0.0181041695177555,0.0,0.3588709677419355,1
2022-08-15,0.922960102558136,0.0,0.0258861407637596,0.0,0.0511537455022335,0.0,0.8333333333333334,0.8371257781982422,0.0,0.0428319685161113,0.0,0.1200422644615173,0.0,0.4357801701222752,1
2022-08-16,0.0075867366977036,0.0,0.9596920609474182,0.0,0.0327212065458297,0.0,0.3,0.010428162291646,0.0,0.9739704728126526,0.0,0.0156013322994112,0.0,0.3591765873015873,1
2022-08-17,0.0111991688609123,0.0,0.966237485408783,0.0,0.0225634034723043,0.0,0.8333333333333334,0.0096397157758474,0.0,0.9745600819587708,0.0,0.015800155699253,0.0,0.34079504724666,1
2022-08-30,0.0346112996339798,0.0,0.932134449481964,0.0,0.0332542546093463,0.0,0.0,0.0127287283539772,0.0,0.9681054949760436,0.0,0.0191658195108175,0.0,0.2460648148148148,1
2022-09-07,0.0087641170248389,0.0,0.9530490636825562,0.0,0.0381867922842502,0.0,0.0,0.027345310896635,0.0,0.9365112781524658,0.0,0.0361433625221252,0.0,0.3644798136645963,1
2022-09-08,0.3838903546954194,0.13694198063748342,0.378936767578125,0.16880847664265017,0.23717284947633743,0.07818888624235727,0.30757575757575756,0.09367809010048704,0.0034058926873851507,0.8437811930974325,0.011442273336629998,0.0625407273570696,0.003725328998956296,0.3738783251441478,3
2022-09-09,0.2185750603675842,0.0,0.7308371663093567,0.0,0.0505878143012523,0.0,0.0,0.8573667407035828,0.0,0.1043574661016464,0.0,0.0382758006453514,0.0,0.3910087719298245,1
2022-09-18,0.094845600426197,0.0,0.5320923924446106,0.0,0.3730619549751282,0.0,0.0,0.0161690693348646,0.0,0.96075701713562,0.0,0.0230738837271928,0.0,0.3221354166666667,1
